0.0003542555497746242,0.0004329951482047304
0.0007281824949794367,0.0004089348951396229
0.0005116956310866846,0.00027840677661747056
0.000373935327107988,0.00040184101108547347
0.0003936137074574892,0.0002997033299411197
0.0008462620903021945,0.0002693324351074791
0.000570735894409351,0.00023226672794309758
0.0007675499658880522,0.000748866703709991
0.00019682338470445172,0.0009898236026008723
0.000767535530388139,1.5370082117323802e-05
0.00011809775611297123,0.0007831836122941149
0.0005510509948018244,3.1478703036661587e-06
0.0003936253489896773,0.0008912328634835933
0.00015745311982811108,0.0005079247059803105
1.536682248831113e-08,0.0007808189842760651
0.0005510589110437124,0.0004053879531125482
1.9698869446152295e-05,0.0009389542978903997
0.0008856225762914971,0.00025434652355236305
0.00051170401298986,0.0007043080407680515
0.0007872334685117162,0.0009070020173243256
0.0001574456692475107,0.00012934580451312745
0.000944661442630301,0.00013722293085289324
3.9379112440803606e-05,0.0009314613421128417
0.0005904277789361904,0.0008163033057080132
0.0008068983446838792,0.0001186900772707025
1.968909055911428e-05,0.0004420694897147219
0.0006691361780600325,0.00014747958637190963
0.00031489878907562177,0.000637270510493438
0.0005116909744738093,4.1794963200481126e-05
0.00039361277613491415,0.0002523809672577218
0.0002558627167045431,0.0008963611912431015
0.0004920247013177838,0.0007591233592290074
0.0007675476375816146,0.0006305607970014963
0.00011808611458078312,0.00019165407875164136
1.7695128925934028e-08,0.0008991248909845598
0.00013777380815603482,0.0005627400244412664
0.0008265795190011056,0.00015851948417654237
0.0006297756920707299,0.00016246549792702566
0.0004920260983016463,0.0008301069032541043
0.0003148973920917592,0.0005662869664683412
0.000492028426608084,0.000948412809962599
0.0009053135294957615,0.0007910607386338807
0.00023617129783899118,0.00033598579481988484
0.00023617828275830405,0.000690903514945369
0.0007675411183235893,0.0002993042582177111
0.0006101066249469792,0.0007378268059053583
0.0008659521121838838,0.0007587242875055989
3.9368867892478066e-05,0.00041091535259546496
0.0007281848232858744,0.0005272408018481176
0.0009249802683130746,9.739352394705337e-05
0.00023617642011315395,0.0005962587895785732
0.0008265874352429935,0.0005607595669854244
0.0002164989710862278,0.0007457188334063249
0.00015744706623137326,0.00020032934853822428
0.0007085073742589482,0.0006767008456758693
7.873633880109356e-05,0.0007508471611658331
4.656612875245797e-09,0.00023661181341698943
0.0007872227583021031,0.00036279484646524994
0.0008069090548934923,0.0006628972481297782
0.0004920181820597584,0.00042786682044522223
0.0007281857546084494,0.0005745631645315155
0.0007281885485761746,0.0007165302525817092
5.904352295167908e-05,0.00011948822071751962
0.0007281764413826989,0.00010133953769753666
0.00045265257379629303,0.00018257973724164988
0.00021649105484433987,0.00034347875059744285
0.0001771370881130626,0.0006897212009363441
0.000728178304027849,0.00019598426306433243
0.00013776309794642175,1.8532853582190747e-05
0.00039361091348976405,0.00015773624189092603
0.0006101098845759918,0.0009034550752972509
6.519258025344116e-09,0.0003312565387837852
0.00015746196739257405,0.0009574871514725905
5.9045851258116705e-05,0.00023779412742601434
0.0005510542544308371,0.00016877613969555876
9.841658179574487e-05,0.0007433542053882751
0.0004920223730113461,0.0006408174525205127
3.937538715050341e-05,0.0007421718913792502
0.00043298257534996726,0.0007106186825365846
0.0002952059732262073,5.911570045124539e-06
0.00027554435668305697,0.0009598517794906403
0.0005313856529683739,0.0007677986290155904
3.937631847307846e-05,0.000789494254062648
0.00019680848354325093,0.00023266579966650614
0.0007478729825224136,0.0009219879288794417
0.00035426253469393707,0.0007879128683302146
1.968303696237646e-05,0.00013447413227263565
0.0002755410970540443,0.0007942235100987477
0.0002952245996777083,0.0009523588237130823
0.0007872260179311158,0.0005284231158571425
0.0002952227370325582,0.0008577140983462865
0.0008069057952644796,0.0004972689787378856
0.00047234399266184494,0.0007429551336648665
0.0003739446403337385,0.0008750646379194523
0.0008856193166624845,8.871825416047045e-05
0.0006888313222158846,0.0008971444335287178
0.00029521062983908254,0.00024252338346211397
0.0005116993563769848,0.0004676962273510621
0.0004132883625166902,8.276198063174355e-06
0.0004329686055113415,7.83242285616343e-07
0.0003148922698175964,0.0003060139717096528
0.0009249933068291253,0.0007599066015146238
0.00027552898986056866,0.00017903279521457515
0.0002558459528981922,4.4558662941939506e-05
0.0005707452076351015,0.0007054903547770764
0.0005707331004416259,9.029963989290392e-05
0.00017713103451632477,0.0003821258434942578
0.00019680522391423826,6.703753027461354e-05
0.0008069006729903168,0.0002369959839791972
0.0009249942381517003,0.0008072289641980217
0.0003542541527907616,0.0003620116041796336
0.00043297512476936687,0.00033203978106940155
0.00011809123685494589,0.00045192707351032974
0.00041329488177471556,0.00033953273684695956
0.000747871585538551,0.0008510043848543448
0.0005707414823448013,0.0005162009040434849
3.937445582792836e-05,0.0006948495286958523
0.00045266607797363125,0.0008687539961509192
0.00031489087283373385,0.00023503042768455596
0.000865954906151609,0.0009006913755557925
6.053596737819536e-09,0.00030759535744208626
0.00025586411368840566,0.0009673447352681983
0.0009446633052754511,0.00023186765621968902
0.00017714034774207526,0.0008553494703282367
0.0009643575181087281,0.0009342101406930993
0.0004723398017102572,0.000530004501589576
0.0001771296375324622,0.000311142299469161
0.000964346807899115,0.0003900029698340236
0.0009643542584797154,0.0007685818713012067
0.0003936272116348274,0.000985877588850389
0.000334577169425123,0.0005351328293490842
0.00025584734988205477,0.00011554220696703634
0.0006888229403127092,0.00047124316937813683
0.0005313754084200484,0.0002472526394982136
7.87409954139688e-05,0.0009874589745828225
0.0006100991743663788,0.0003592479044381752
0.0001771277748873121,0.0002164975741023652
0.0002164975741023652,0.0006747352893812281
0.0008856365461301229,0.0009641819638033314
0.0002558478155433423,0.00013920338830873528
0.0007085059772750856,0.0006057173016507725
0.0006100945177535035,0.00012263609102118578
0.0008659376766839706,2.522766591293163e-05
0.0007084971297106227,0.00015615485615849255
0.0006297901275706431,0.0008959621195196929
0.00045266235268333105,0.0006794645454173277
0.0006691506135599458,0.0008809762079645769
0.0008856300268720975,0.0006329254250195461
3.937305884406579e-05,0.0006238659846707554
0.0005313884469360991,0.000909765717065784
0.0006888238716352842,0.0005185655320615347
0.0006494545380815186,8.398899812437082e-05
0.00019681267449483866,0.00044561643174179663
7.872655991405554e-05,0.00025396235299015527
0.000905303284947436,0.000270514749116504
0.0002755294555218562,0.0002026939765562741
0.00025585200649493,0.00035215402038402577
7.872283462375534e-05,6.467290225656373e-05
3.937166186020321e-05,0.0005528824406456586
0.0006691487509147957,0.0007863314825977811
0.0005510635676565876,0.0006419997665295376
0.0008462672125763573,0.0005296054298661675
0.00023618014540345415,0.0007855482403121648
1.9689556220401803e-05,0.00046573067105642085
3.937678413436598e-05,0.000813155435404347
0.0002952138894680952,0.0004081516528540066
0.0002165031620378155,0.0009586694654816154
0.0007478734481837011,0.0009456491102211406
0.0006494582633718188,0.00027327844885796236
0.00015744939453781089,0.000318635255246719
0.00025584548723690467,2.0897481600240563e-05
5.904305729039156e-05,9.582703937582068e-05
8.847564462967014e-09,0.0004495624454922799
0.0009840219286196036,0.00012223701929777722
0.0004132897595005528,7.925974208827118e-05
0.0008856323551785351,0.0007512313317280409
0.0006691338497535949,2.9173679663414918e-05
0.0003149048426723596,0.0009448658679355243
0.00045265676474788076,0.00039553036931694037
0.00011808564891949559,0.00016799289740994242
0.0009446600456464384,6.623938682779641e-05
0.00021649990240880284,0.0007930411960897228
0.0007281913425438997,0.0008584973406319028
0.00092498865021625,0.0005232947880976343
0.0004329760560919419,0.00037936214375279944
1.9684433946239033e-05,0.00020545767629773248
0.0008462676782376448,0.0005532666112078664
0.0003542536871294741,0.00033835042283793465
2.3283064376228985e-09,0.00011830590670849472
0.0003936113791510516,0.00018139742323262497
0.0007085050459525106,0.0005583949389673746
0.000846271403527945,0.0007425560619414579
0.0005510556514146997,0.0002397596837206556
7.873959843010623e-05,0.0009164754305577257
0.0008659539748290339,0.0008533690128723946
0.0003148992547369093,0.0006609316918351369
0.0008069067265870547,0.0005445913414212835
0.00039362395200581474,0.0008202493194584964
3.9370730537628164e-05,0.0005055600779622607
0.0008462741974956701,0.0008845231499916516
0.000787229743221416,0.0007177125665907341
0.0009446684275496138,0.0004921406509783774
0.0006494568663879562,0.00020229490483286553
3.259629012672058e-09,0.0001656282693918926
0.0008856351491462603,0.0008931984197782345
0.0003542597407262119,0.0006459457802800209
0.0007872283462375534,0.0006467290225656373
0.0005116905088125218,1.8133781858782182e-05
0.00027552712721541856,8.438806984777938e-05
7.873447615594346e-05,0.0006562024357990373
0.0007675359960494265,3.9031263459022745e-05
0.000767545309275177,0.0005122548902930016
0.0007478599440063629,0.00025947485131187125
0.0007478697228934009,0.0007563596594875491
0.00031490018605948434,0.0007082540545185348
0.0002361754887905789,0.0005489364268951753
0.0006297780203771675,0.0002807714046355204
7.87372701236686e-05,0.000798169523849231
0.0005904305729039156,0.0009582703937582068
1.9687693575251705e-05,0.0003710859456896251
0.0009249821309582247,0.00019203824931384914
0.000767546240597752,0.0005595772529763995
7.874006409139375e-05,0.0009401366118994246
1.968815923653923e-05,0.000394747127031324
0.00013777613646247244,0.0006810459311497612
7.873354483336841e-05,0.0006088800731156394
0.0008265916261945812,0.0007737101990607149
0.00035426393167779964,0.0008588964123553114
0.0006494564007266687,0.0001786337234911666
0.0008462686095602199,0.0006005889738912643
0.00013777054852702215,0.00039711175504937384
0.0009446777407753643,0.0009653642778123563
1.9695609817139623e-05,0.0007733260284985071
0.0006101056936244041,0.0006905044432219604
0.0003936192953929395,0.000583637506041507
0.0002558496781884924,0.00023384811367553105
0.0008856314238559601,0.000703908969044643
0.0001574461349087982,0.0001530069858548264
0.0003542574124197743,0.0005276398735715262
0.00037393812107571313,0.0005438080991356671
0.0008069002073290293,0.00021333480263749827
0.0001771333628227624,0.0005004317502027525
0.00013776449493028433,8.951639760728758e-05
0.0002952176147583954,0.0005974411035875981
0.0007281745787375488,6.694812330740882e-06
0.0001968173311077139,0.0006822282451587861
0.0006100977773825162,0.0002882643604130784
0.0009446772751140768,0.0009417030964706573
9.840261195711913e-05,3.351876513730677e-05
0.0006888154897321088,9.266426791095374e-05
0.0003739357927692755,0.0004255021924271724
0.00047234073303283226,0.0005773268642729739
0.0005904161374040023,0.00022477377216553957
0.00029521621777453284,0.0005264575595625013
0.0004920279609467964,0.0009247516286209
1.968722791396418e-05,0.00034742476434792614
0.0004133046606617536,0.0008364175450226374
0.0004920228386726337,0.0006644786338622117
0.0004329774530758045,0.00045034568777789627
0.0008659390736678332,9.621120993802846e-05
0.0009446605113077259,8.990056816949536e-05
0.0006888206120062715,0.0003529372626696421
0.00041330186669402843,0.0006944504569724437
0.00045266421532848115,0.0007741092707841235
0.0002952157521132453,0.0005027963782208023
0.0008462700065440824,0.0006715725179163611
0.0006691394376890452,0.00031310785576380224
0.0009643416856249523,0.00012972997507533523
0.0002361699008551286,0.000265002250794788
0.0001968136058174137,0.0004929387944251945
9.84151848118823e-05,0.0006723706613631782
0.00021650176505395293,0.0008876859214565185
0.0008265823129688307,0.00030048657222673603
0.00013778219005921026,0.0009886412885918474
0.0007281829606407243,0.00043259607648132186
0.0003739432433498759,0.0008040810938943555
0.0009643523958345653,0.0006739371459344109
0.0006100926551083534,2.799136565439001e-05
0.00043298630064026746,0.0008999081332701762
0.00035424856485531133,7.807742807924628e-05
0.0003148950637853216,0.00044798105975984645
0.0009249849249259499,0.0003340053373640428
0.0003345753067799729,0.00044048810398228844
9.84170474570324e-05,0.000767015386729974
0.000728177372705274,0.00014866190038093454
0.000708512496533111,0.0009369738404345577
0.0009249970321194255,0.0009491960522482153
0.00031490437701107207,0.0009212046865938253
0.0008265948858235939,0.0009393384684526075
9.840633724741933e-05,0.00022280821587089832
3.936327995702777e-05,0.00012698117649507764
0.0001377812587366352,0.0009413189259084495
0.000452651642473718,0.000135257374558252
0.00027554202837661934,0.0008415458727821456
0.0009053009566409983,0.00015220884240800927
0.0007675485689041897,0.0006778831596848942
0.0009840261195711913,0.0003351876513730677
0.0007281801666729991,0.0002906289884311282
3.936141731187767e-05,3.233645112828186e-05
1.9685830930101606e-05,0.0002764412203228293
0.0007478646006192381,0.0004960866647288607
0.00033457437545739784,0.00039316574129889055
0.0005313842559845113,0.0006968150849904935
0.0009053028192861484,0.00024685356777480504
0.0002755317838282938,0.0003209998832647688
0.0007084957327267601,8.517131213339572e-05
0.00037393672409185056,0.0004728245551105703
7.872469726890544e-05,0.0001593176276233595
0.0007675532255170649,0.0009144949731018836
0.0005904124121137021,3.548432143194802e-05
0.0007281890142374621,0.0007401914339234081
0.0006297854709577679,0.0006593503061027035
7.873680446238108e-05,0.000774508342507532
0.00033456692487679744,1.4586839831707459e-05
0.0009446735498237766,0.0007524136457370658
0.0002952171490971079,0.0005737799222458992
0.0004723300228232192,3.3119693413898206e-05
0.0006494638513072691,0.0005572126249583497
0.000905313063834474,0.0007673995572921818
0.0002558571287690928,0.0006124270151427141
1.9692815849414475e-05,0.0006313589404483135
0.0005510626363340126,0.0005946774038461397
0.0009643412199636648,0.00010606879373363629
0.0006297868679416305,0.0007303338501278003
0.000984038226764667,0.0009503783662572402
0.0009446637709367386,0.00025552883756138796
0.0005510644989791627,0.0006893221292129355
5.9052836177429574e-05,0.0005927118475514985
0.0006691501478986582,0.0008573150266228779
0.00017712684356473705,0.00016917521141896733
0.0009840270508937664,0.0003825100140564656
0.0001968056895755258,9.069871161631248e-05
0.0004133037293391785,0.0007890951823392395
0.00011809449648395856,0.0006175553429022223
3.9369799215053115e-05,0.00045823771527886284
0.0008462569680280317,9.059440348790698e-06
0.0009840326388292167,0.0006664441901568529
0.00043297698741451697,0.0004266845064361973
0.0008856360804688353,0.0009405207824616324
0.0008659553718128965,0.0009243525568974915
1.9685365268814082e-05,0.00025278003898113036
0.0006888140927482462,2.1680723885856906e-05
0.00033458368868314833,0.0008663893681328694
0.0004723342137748069,0.0002460703254891887
0.00033457810074769803,0.0005824551920324821
0.0008856267672430849,0.00046729715562765354
0.0006691403690116202,0.0003604302184472001
0.0006297919902157932,0.0009906068448864887
7.873307917208089e-05,0.0005852188917739405
0.0009053149264796241,0.0008620442826589776
0.0006494591946943939,0.00032060081154136025
0.0002755378374250316,0.0006285952407068551
0.0003936141731187767,0.00032336451128281863
0.000924978871329212,2.6409979921956537e-05
0.0006101117472211419,0.0009980998006640467
0.00013776356360770928,4.219403492388969e-05
0.0006494689735814319,0.0008174856197170381
0.0005707424136673763,0.0005635232667268828
0.00037393486144670046,0.00037817982974377453
0.00031488901018858375,0.0001403857023177602
0.0003149011173820594,0.0007555764172019327
0.0002952152864519578,0.0004791351968791034
0.0007478566843773502,9.384658191997864e-05
0.0009249961007968504,0.0009018736895648174
0.00039362069237680207,0.0006546210500666038
0.0003345832230218608,0.0008427281867911705
0.0005904180000491524,0.00031941849753233534
0.0004132958130972906,0.00038685509953035745
0.000590428244597478,0.0008399644870497121
0.00017713196583889982,0.0004294482061776557
0.00047233887038768217,0.00048268213890617813
0.00015745498247326118,0.0006025694313471063
0.0005510598423662874,0.0004527103157959461
0.0007084966640493351,0.0001324936748167936
0.0008265855725978434,0.00046611484161862863
0.0007281806323342866,0.00031429016977282715
0.0006494680422588568,0.0007701632570336402
0.000787228811898841,0.0006703902039073362
0.0004133014010327409,0.0006707892756307448
0.0004723430613392699,0.0006956327709814686
0.0005117086696027353,0.000940919854185041
1.1641532188114492e-08,0.0005915295335424736
0.0008856337521623977,0.0008222148757531377
0.0009053000253184233,0.00010488647972461138
0.00017712870620988715,0.0002638199367857631
0.0001180954278065336,0.0006648777055856202
9.840866555385695e-05,0.00034111412257939303
0.00080691324584508,0.0008758478802050687
0.00033458229169928575,0.0007954058241077726
0.000629786402280343,0.0007066726687861014
0.0002361810767260292,0.0008328706029955626
0.0009446688932109014,0.0005158018323200763
0.0009053163234634867,0.0009330278266840744
0.0006691482852535081,0.0007626703012560822
0.0008068960163774416,3.8417056220777825e-07
5.905656146772977e-05,0.00078200129828509
0.00023617036651641613,0.00028866343213648695
0.0002755359747798815,0.0005339505153400593
1.629814506336029e-08,0.000828141346959463
0.00031490577399493464,0.0009921882306189221
0.00021648872653790225,0.00022517284388894813
0.0004329695368339166,4.810560496901423e-05
0.0009446628396141635,0.00020820647487799007
0.0003542634660165121,0.0008352352310136125
0.0004329835066725423,0.0007579410452199825
0.0006494554694040937,0.0001313113608077687
0.0007281769070439864,0.0001250007190392356
1.0244548325540753e-08,0.0005205459895173768
0.0006297831426513303,0.0005410443993942088
0.0003345697188445226,0.00015655392788190112
0.00041330046971016585,0.0006234669129473469
9.840680290870685e-05,0.00024646939721259726
0.0008265776563559555,6.38747588097466e-05
0.0007281894798987496,0.0007638526152651071
0.00041329115648441536,0.00015024328611336801
0.0006297742950868673,9.148195390192883e-05
0.0008265958171461689,0.0009866608311360054
0.0006888210776675591,0.00037659844401134106
0.0008069085892322048,0.0006392360667880792
0.00021650036807009036,0.0008167023774314217
0.0001574535854893986,0.0005315858873220095
0.0006297840739739053,0.0005883667620776066
0.0007478576156999253,0.00014116894460337653
0.0005116984250544097,0.0004203738646676642
0.0005707400853609387,0.00044521736001838807
0.0005313847216457989,0.0007204762663321925
0.0005313837903232238,0.0006731539036487946
0.0007872306745439911,0.000765034929274132
0.000570736825731926,0.00027958909062649547
0.0001574475318926608,0.00022399052987992323
0.00021649571145721512,0.0005800905640144323
0.0006888224746514216,0.0004475819880364379
0.00015745218850553603,0.00046060234329691266
0.0009643486705442652,0.0004846476952008194
0.0009249835279420873,0.00026302179333894597
0.0008069081235709172,0.0006155748854463803
1.9681639978513885e-05,6.349058824753882e-05
0.0004526618870220435,0.0006558033640756287
0.0008659446616032834,0.0003801453860384158
0.00013777101418830967,0.0004207729363910728
0.000708504580291223,0.0005347337576256756
0.0004920130597855957,0.00016759382568653385
0.0009643472735604026,0.00041366415117572255
0.0006297887305867806,0.0008249785754945961
0.000649453141097656,1.3005454099273986e-05
0.00015745451681197366,0.0005789082500054074
1.9680708655938836e-05,1.616822556414093e-05
0.0006297747607481548,0.00011514313524362777
0.0001377658919141469,0.0001604999416323844
0.000984029379200204,0.0005008159207649603
0.0008069025356354669,0.000331640709345993
0.0009249839936033748,0.0002866829746806449
5.905982109674244e-05,0.0009476295676769826
3.936234863445272e-05,7.965881381167975e-05
0.00031489273547888395,0.00032967515305135173
0.0009643514645119903,0.000626614783251013
3.936840223119054e-05,0.000387254171253766
0.0005510668272856003,0.0008076280359214302
0.0005313898439199616,0.0009807492610908808
0.0008265827786301182,0.000324147753568435
0.000688819215022409,0.0002819537186445453
0.0007872176360279404,0.00010252185170656156
0.0002164994367475153,0.0007693800147480238
0.0006297766233933049,0.00020978786061042354
0.0006494633856459816,0.0005335514436166507
0.0006888182836998339,0.0002346313559611474
0.0002755313181670063,0.00029733870192306987
0.0008069030012967545,0.00035530189068769193
0.0009053018879635734,0.00019953120509140715
0.0004920191133823335,0.0004751891831286201
0.00047234632096828256,0.0008612610403733612
0.0004723318854683693,0.00012776441878069398
0.00011810148140327143,0.0009724730630277065
0.00027553224948958133,0.00034466106460646776
0.0004920135254468832,0.0001912550070282328
0.0007478669289256758,0.0006143925714373554
0.00031490065172077187,0.0007319152358602338
0.0007281820293181492,0.000385273713797924
5.904724824197928e-05,0.00030877767145111117
0.000610094052092216,9.897490967948684e-05
1.9684899607526557e-05,0.00022911885763943142
0.0004920163194146083,0.00033322209507842646
0.0009643463422378275,0.00036634178849232466
9.841425348930725e-05,0.0006250482986797804
0.00023617502312929138,0.0005252752455534764
0.0008659418676355583,0.00023817829798822212
0.0007281797010117116,0.00026696780708942926
0.000826587900904281,0.0005844207483271233
0.00023616710688740346,0.00012303516274459435
0.00019681639978513885,0.0006349058824753882
0.00023617874841959157,0.0007145646962870679
0.0008265860382591309,0.0004897760229603276
0.0003345701845058101,0.00018021510922360006
0.0003148959951078966,0.0004953034224432443
3.936653958604044e-05,0.00029260944588697024
0.0006101047623018291,0.0006431820805385625
0.000629778486038455,0.0003044325859772193
0.0006888187493611214,0.00025829253730284634
1.9697006801002196e-05,0.000844309572523604
0.0005904128777749896,5.9145502773646965e-05
0.0008462667469150698,0.0005059442485244685
0.00019680708655938836,0.00016168225564140931
3.9375852811790934e-05,0.0007658330727209491
0.0005707419480060888,0.0005398620853851838
0.00023617781709701652,0.00066724233360367
0.0003936234863445272,0.0007965881381167975
0.0002755369061024566,0.0005812728780234572
0.0003739283421886751,4.692329095998932e-05
0.00019681034618840103,0.0003273105250333019
0.0002755429596991944,0.0008888682354655435
0.0009643519301732778,0.000650275964592712
0.0009249844592646623,0.00031034415602234386
0.0005904273132749029,0.0007926421243663142
0.0004920256326403588,0.0008064457219124053
0.0001377733424947473,0.0005390788430995675
0.00023616943519384108,0.00024134106945308906
0.0006691333840923074,5.512498321715974e-06
7.872749123663059e-05,0.00030128471567355316
0.0002755299211831437,0.00022635515789797304
0.000984020531635741,5.125347527268039e-05
0.00029521854608097046,0.000644763466270996
0.0007281927395277623,0.0009294808846569997
0.0003936216236993771,0.0007019434127500017
0.0004920237699952087,0.0007118009965456096
0.0005707493985866892,0.0009184409868523669
0.00013777939609148511,0.0008466742005416538
0.0008856342178236852,0.0008458760570948366
0.0009446674962270388,0.0004448182882949795
0.0008856276985656599,0.0005146195183110514
0.0005904245193071778,0.0006506750363161205
0.00025585433480136764,0.0004704599270925205
0.0006691436286406329,0.0005260584878390927
0.000984028447877629,0.0004534935580815624
0.00084627233485052,0.0007898784246248558
0.000452661421360756,0.0006321421827339298
0.00011809356516138351,0.0005702329802188245
5.90477139032668e-05,0.0003324388527928101
0.0009840386924259545,0.0009740395475989392
0.0003739409150434383,0.0006857751871858608
0.0002755415627153318,0.0008178846914404466
0.0005510691555920379,0.000925933942629925
0.0005116988907156973,0.00044403504600936316
0.0009643426169475273,0.00017705233775873312
0.0003148932011401715,0.0003533363343930507
9.842123840862011e-05,0.0009799660188052645
0.0006888303908933096,0.0008498220708453199
0.00045265816173174333,0.0004665139133420372
0.0007872343998342913,0.0009543243800077235
0.0006691459569470705,0.0006443643945475874
0.00011808518325820807,0.00014433171606824348
0.0007872292775601285,0.0006940513852490351
0.0006297728981030047,2.0498409876831998e-05
0.0007675397213397267,0.0002283207141926143
0.00047233141980708177,0.00010410323743899504
0.0006888178180385464,0.00021097017461944845
0.0005510593767049999,0.00042904913445424714
0.0006888164210546838,0.00013998663059435162
0.0007281876172535995,0.0006692078898983113
5.122274162770377e-09,0.0002602729947586884
0.00011810194706455895,0.0009961342443694054
0.0005116970280705472,0.0003493903206425674
0.00045266840628006887,0.000987059902859414
0.0003345794977315606,0.0006534387360575789
0.0005313851873070864,0.0007441374476738914
0.00041328882817797774,3.19373794048733e-05
0.0009053056132538736,0.0003888206558249987
0.00017713848509692516,0.0007607047449614409
0.0005313763397426234,0.0002945750021816115
0.0002558613197206805,0.0008253776472180046
0.00031488714754343366,4.5740976950964414e-05
3.9373990166640836e-05,0.0006711883473541533
0.0006691473539309331,0.0007153479385726843
0.0008856188510011969,6.50570728187715e-05
0.000157461036069999,0.0009101647887891926
0.000354261603371362,0.0007405905056468167
0.0009446609769690134,0.0001135617495111943
0.000964344945253965,0.00029535824446722783
0.0007085069085976607,0.0006530396643341704
0.00037392880784996264,7.058447230168827e-05
0.00025584921252720487,0.0002101869323338321
1.2572854763163652e-08,0.0006388518962258715
0.0009249881845549625,0.0004996336067559354
0.0006691389720277577,0.0002894466744221033
0.00027554249403790687,0.0008652070541238445
7.87237659463304e-05,0.00011199526493996161
0.0009643430826088149,0.00020071351910043206
0.0006297733637642923,4.415959121853094e-05
7.872609425276802e-05,0.00023030117164845633
0.0009840228599421786,0.0001695593819811751
0.0005707354287480635,0.00020860554660139864
9.842030708604507e-05,0.0009326436561218666
0.0009249853905872374,0.00035766651870574174
0.0006494536067589436,3.666663544097293e-05
0.0004329723308016417,0.0001900726930192079
0.00047234026737154474,0.000553665682931275
0.0008659465242484335,0.00047479011140521155
0.000669135712398745,0.0001238184050302107
0.0003542522901456115,0.0002673668788128378
0.0001377770677850475,0.000728368293833159
0.0002952208743874081,0.0007630693729794907
0.00017713615679048754,0.0006423988382529462
0.0007085087712428108,0.0007476843897009661
0.00027554063139275677,0.0007705623287570487
0.0007478664632643882,0.0005907313900956565
0.00021650269637652798,0.0009350082841399164
0.0009249807339743621,0.00012105470528875231
1.968117431722636e-05,3.9829406905839875e-05
0.0007478692572321134,0.0007326984781458501
0.000885619782323772,0.00011237943550216939
0.0008069048639419046,0.0004499466160544877
0.000984030310522779,0.0005481382834483582
0.0006297789516997426,0.00032809376731891826
0.000531377736726486,0.0003655585462067083
0.0005707484672641142,0.000871118624168969
0.0008659455929258585,0.00042746774872181367
0.000314903445688497,0.0008738823239104274
0.0008856332865011102,0.0007985536944114387
0.0004133055919843286,0.0008837399077060353
0.0007675518285332023,0.0008435114290767868
0.0009643500675281277,0.0005556312392259162
0.00023617316048414128,0.0004306305201866806
0.0006888234059739967,0.0004949043507198358
5.9055164483867197e-05,0.0007110177542599932
0.000826577190694668,4.021357746804765e-05
0.0009840251882486163,0.0002878652886896698
0.0006494550037428061,0.00010765017946606976
0.0002165012993926654,0.0008640247401148196
0.0006691408346729078,0.00038409139978889907
0.0003739334644628379,0.0003071962857186777
0.00015745032586038593,0.0003659576179301169
0.0005116974937318347,0.00037305150198426633
0.0003739427776885884,0.0007804199125526566
0.0007675429809687394,0.0003939489835845069
0.0004920265639629339,0.0008537680845958032
0.0007478678602482508,0.0006617149341207533
1.9690953204264377e-05,0.0005367142150815177
9.841565047316982e-05,0.0006960318427048772
0.0008462639529473446,0.00036397716047427485
0.0009052995596571358,8.122529838291244e-05
0.00023617595445186643,0.0005725976082368743
0.00011808751156464569,0.0002626376227767382
0.000728187151592312,0.0006455467085566124
0.0002952194774035455,0.0006920858289543939
0.00043297093381777915,0.00011908914899411106
0.0004132939504521405,0.0002922103741635617
0.000905304216270011,0.00031783711179990187
9.840819989256943e-05,0.0003174529412376941
0.00011808937420979579,0.00035728234814353397
0.00041329301912956546,0.0002448880114801638
0.0001574479975539483,0.00024765171122162217
5.905376750000462e-05,0.0006400342102348964
0.0002952064388874948,2.9572751386823483e-05
0.00096434587657654,0.0003426806071506257
0.0009446656335818887,0.00035017356292818373
9.840354327969418e-05,8.084112782070466e-05
0.0006888294595707345,0.000802499708161922
0.0008856216449689221,0.00020702416086896516
0.00015746057040871148,0.0008865036074474936
0.00011808890854850826,0.000333621166801835
0.0001968117431722636,0.00039829406905839875
0.0008265804503236806,0.00020584184685994026
0.00019682059073672657,0.0008478565145506787
0.0009643584494313032,0.0009815325033764972
0.0008265944201623064,0.0009156772871109086
0.0001377714798495972,0.0004444341177327717
0.0007478673945869633,0.0006380537527790543
0.0008462611589796195,0.0002220100724240812
0.00011808471759692054,0.00012067053472654453
3.9363745618315295e-05,0.00015064235783677658
0.00013776496059157185,0.00011317757894898652
0.0004920102658178705,2.5626737636340194e-05
0.00029522413401642075,0.0009286976423713833
0.00035425880940363687,0.000598623417596623
0.00019681081184968856,0.00035097170637500086
0.0005117035473285725,0.0006806468594263526
0.00027553644044116905,0.0005576116966817582
0.0004723337481135194,0.00022240914414748975
0.0007478594783450754,0.0002358136699701723
0.000649471767549157,0.0009594527077672317
5.9046782580691754e-05,0.00028511649010941223
0.0004526637496671936,0.0007504480894424245
0.0005313809963554987,0.0005311868155986009
0.00025585806009166784,0.000659749377826112
0.00027553457779601895,0.0004629669713149625
0.00025585619744651774,0.0005651046524593163
0.000570734963086776,0.0001849443652596997
0.0005510672929468878,0.0008312892172631292
0.00015744660057008574,0.00017666816719652534
0.0009840223942808911,0.00014589820063947616
0.0007478659976031007,0.0005670702087539575
0.0009840368297808044,0.0008793948222321434
0.00011809868743554628,0.0008305059749775128
0.0007675471719203271,0.0006068996156597974
0.0006691496822373707,0.000833653845281179
5.906028675802997e-05,0.0009712907490186816
0.0003345813603767107,0.0007480834614243747
0.00033457297847353526,0.0003221821972737937
5.904259162910403e-05,7.216585803412174e-05
0.0007085129621943985,0.0009606350217762566
0.00039361463878006425,0.0003470256926245176
0.000747861806651513,0.000354119576678667
0.0009840354327969418,0.0008084112782070466
0.0009643491362055527,0.0005083088765425183
0.000649461988662119,0.0004625678995915539
0.00023616570990354089,5.205161871949752e-05
0.0004723416643554073,0.0006246492269563718
0.0007478562187160627,7.01854005782797e-05
5.9050973532279475e-05,0.0004980671221847027
0.0009446716871786265,0.00065776892037027
0.00043298816328541756,0.000994552858636972
0.0005510682242694629,0.0008786115799465271
5.905888977416739e-05,0.0009003072049935848
0.0006494657139524192,0.0006518573503251455
0.000511694234102822,0.00020742323259237373
1.583248377583571e-08,0.0008044801656177641
0.0004723304884845067,5.678087475559715e-05
0.0008462662812537822,0.00048228306718276956
0.0006494675765975693,0.0007465020756919412
0.000669144559963208,0.0005733808505224906
0.0005117021503447099,0.0006096633154012558
0.0009053065445764486,0.0004361430185083966
0.0007675369273720015,8.635362614242063e-05
0.00023618387069375434,0.0009748376910457563
3.93618829731652e-05,5.5997632469980806e-05
0.00031488668188214613,2.207979560926547e-05
0.0002558552661239427,0.0005177822897759184
0.00011809635912910866,0.0007122000682690181
0.0003936230206832397,0.0007729269567750986
0.0009053093385441738,0.0005781101065585902
0.0008659511808613088,0.000711401924822201
0.0006888159553933963,0.00011632544925265268
0.0007281932051890498,0.0009531420659986986
0.0009249863219098124,0.00040498888138913963
0.000432986766301555,0.0009235693146118751
0.0001771389507582127,0.0007843659263031399
0.00043297326212421677,0.00023739505570260578
0.0003345678561993725,6.190920251510535e-05
0.0005313823933393612,0.0006021703596236978
0.0005313749427587609,0.00022359145815651466
0.0004723435270005574,0.0007192939523231676
0.0004920219073500586,0.0006171562711788138
0.00017713382848404992,0.0005240929315444515
0.0006691529418663834,0.0009992821146730716
0.0002755448223443445,0.0009835129608323392
0.0003542653286616622,0.0009298799563804082
0.0005904259162910403,0.0007216585803412174
0.0006494601260169689,0.00036792317422475814
0.0006888173523772589,0.0001873089932777495
0.0002558575944303803,0.0006360881964844131
0.000551062170672725,0.0005710162225044408
0.0005904240536458902,0.0006270138549744216
1.9699800768727344e-05,0.0009862766605737976
0.0003148894758498713,0.00016404688365945913
0.000649461057339544,0.000415245536908156
0.00043297279646292925,0.00021373387436090683
0.0001574517228442485,0.0004369411619552137
0.0006297891962480681,0.000848639756836295
0.0007872171703666529,7.886067036486262e-05
0.00011808658024207064,0.0002153152600933403
0.00017713662245177507,0.0006660600195946451
0.0004329793157209546,0.000544990413144692
0.0004920125941243081,0.0001439326443448349
0.00015745824210227385,0.0007681977007389989
0.0006494596603556814,0.0003442619928830592
0.0006101112815598544,0.0009744386193223477
7.872516293019297e-05,0.00018297880896505844
0.0009249905128614001,0.0006179395134644301
0.00025584874686591734,0.00018652575099213317
0.0003739339301241254,0.00033085746706037664
0.0006100921894470659,4.3301843126910666e-06
0.00037394231202730085,0.0007567587312109576
0.0004526632840059061,0.0007267869081007256
0.0006494605916782564,0.0003915843555664571
0.0004526497798285679,4.061264919145622e-05
0.00039361882973165197,0.0005599763246998081
0.0008659395393291207,0.0001198723912797274
0.00011808797722593321,0.00028629880411843714
0.00021648546690888957,5.954457449705553e-05
0.0007281838919632993,0.00047991843916471975
3.9374921489215885e-05,0.0007185107100375512
0.0004526521081350055,0.00015891855589995093
0.0007084985266944852,0.00022713840018358938
0.0009249900472001126,0.0005942783321227312
0.0004526628183446186,0.0007031257267590266
0.0005510570483985623,0.0003107432277457524
0.0007085064429363731,0.0006293784829924714
0.0009840349671356543,0.0007847500968653476
0.0004920242356564962,0.0007354621778873085
0.0009643421512862398,0.00015339115641703417
0.00047233281679094435,0.00017508678146409187
0.0009643393573185147,1.1424068366840514e-05
0.0006101033653179665,0.0005721985365134657
7.873028520435574e-05,0.0004432518037237468
0.0008462709378666575,0.000718894880599759
5.904445427425413e-05,0.0001668105834009175
9.84058715861318e-05,0.00019914703452919937
0.0004132902251618403,0.00010292092342997013
0.0005510663616243128,0.0007839668545797313
0.0008462695408827949,0.0006479113365746622
0.0004132972100811532,0.0004578386435554543
0.00015745405115068613,0.0005552470686637084
0.0006297896619093556,0.000872300938177994
0.0003345846200057234,0.0009137117308162673
0.000865945127264571,0.0004038065673801147
0.0009840279822163414,0.0004298323767398635
0.0006888331848610347,0.0009917891588955136
9.840540592484428e-05,0.00017548585318750043
0.0008265925575171563,0.0008210325617441128
0.00013776822022058452,0.0002788058483408791
0.0007872278805762659,0.0006230678412239383
0.0006297752264094424,0.00013880431658532671
0.0009052990939958482,5.756411704121349e-05
0.0003739297391725377,0.00011790683498508615
0.00013777753344633502,0.000752029475174858
0.0007675536911783524,0.0009381561544435826
0.0009446730841624891,0.0007287524643953668
0.0006888257342804343,0.0006132102574283305
0.00039362628031225236,0.0009385552261669912
0.0004920233043339212,0.0006881398152039106
0.0006691422316567703,0.0004550749438139959
0.0007478632036353756,0.00042510312070376385
0.00013776728889800948,0.00023148348565748124
0.0002755336464734439,0.0004156446086315646
7.872330028504287e-05,8.833408359826267e-05
0.0004920111971404456,7.294910031973808e-05
0.00037393299880155036,0.00028353510437697876
0.00033457484111868536,0.0004168269226405895
0.0007085017863234979,0.000392766669575482
0.0009840200659744535,2.7592293930981445e-05
0.0006100973117212287,0.00026460317907137944
0.0005707489329254017,0.000894779805510668
0.0007281759757214114,7.767835635583771e-05
0.0009446758781302142,0.0008707195524455605
0.0009643509988507028,0.0006029536019093141
0.0004132990727263033,0.00055248336892225
0.00035425648109719925,0.0004803175108881283
0.0004920177163984709,0.0004042056391035233
0.0008068992760064543,0.00016601243995410038
1.676380635088487e-08,0.000851802528301162
0.0007675481032429021,0.0006542219783431953
0.0001181010157419839,0.0009488118816860075
0.00011808285495177044,2.602580935974876e-05
0.0006888275969255844,0.0007078549827951263
0.00033457670376383546,0.0005114716480073853
0.00023617083217770366,0.0003123246134781859
0.0006691375750438951,0.00021846313039700646
0.000492020510366196,0.000546172727153717
0.0008659381423452581,4.888884725463057e-05
0.0003542648630003747,0.0009062187750387093
1.9690487542976852e-05,0.0005130530337398187
0.0005117044786511476,0.0007279692221097505
0.00023617455746800385,0.0005016140642117774
0.0002755341121347314,0.00043930578997326353
0.0004723472522908576,0.0009085834030567591
0.00023618154238731672,0.0008565317843372616
0.0005904235879846027,0.0006033526736327227
1.9693281510702e-05,0.0006550201217900124
0.00019681872809157648,0.0007532117891838829
0.0006888248029578593,0.0005658878947449326
7.916241887917855e-09,0.00040224008280888204
0.00023616524424225336,2.8390437377798575e-05
0.0007281834263020118,0.0004562572578230208
0.00041330605764561615,0.0009074010890477342
0.00025585107517235497,0.0003048316577006279
0.00011810008441940885,0.0009014895190026097
0.0008856239732753597,0.0003253300675774599
0.0008856258359205098,0.00041997479294425565
0.0009053116668506114,0.000696416013267085
0.000649470836226582,0.0009121303450838338
0.0005510551857534122,0.00021609850237895665
0.0009643440139313899,0.00024803588178382995
1.969421283327705e-05,0.0007023424844734103
0.00015744334094107307,1.1039897804632735e-05
5.904817956455433e-05,0.00035610003413450906
0.0008856290955495225,0.0005856030623361483
0.0008462732661730951,0.0008372007873082537
0.0004329755904306544,0.0003557009624111005
0.000708503648968648,0.00048741139494227776
0.0002164933831507775,0.00046178465730593757
0.0007872330028504287,0.0008833408359826267
0.00013777427381732234,0.0005864012057829654
0.0008265930231784438,0.0008446937430858117
1.969747246228972e-05,0.0008679707538653029
0.0002361717635002787,0.0003596469761615838
0.000964354724141003,0.0007922430526429056
0.00033458601698958595,0.0009846952748413641
0.0004723453896457075,0.0008139386776899633
0.0006297915245545057,0.0009669456635447897
0.00013777241117217225,0.0004917564804161696
0.0008659400049904082,0.00014353357262142635
0.0007872348654955788,0.0009779855613494225
0.00029521295814552016,0.0003608292901706087
0.0001180972904516837,0.000759522430952416
0.0009446642365980261,0.0002791900189030869
0.0005116914401350969,6.545614454218007e-05
0.0002952120268229451,0.0003135069274872108
0.00029521668343582036,0.0005501187409042002
0.0005510519261243995,5.0470232987064045e-05
0.00033458042905413566,0.0007007610987409768
0.00015744473792493564,8.202344182972957e-05
0.0007675392556784392,0.00020465953285091535
0.0006100959147373661,0.0001936196350462826
0.00021648639823146462,0.00010686693718045342
0.00019682152205930162,0.0008951788772340766
0.00031489459812403405,0.0004243198784181475
0.00039360858518332643,3.943033518243131e-05
0.00041329814140372823,0.0005051610062388522
0.0009840321731679291,0.000642783008815154
0.0007872222926408156,0.000339133665123551
0.0008265846412752683,0.00041879247893523075
0.0002164896578604773,0.000272495206572346
0.0004723467866295701,0.0008849222217150602
0.0005707326347803383,6.663845855120498e-05
0.0002755434253604819,0.0009125294168072424
0.0007872311402052786,0.0007886961106158309
0.000688828993909447,0.0007788385268202231
0.00017714221038722536,0.0009499941956950325
0.0003149053083336471,0.0009685270492772232
0.0009840358984582293,0.0008320724595487455
0.0005510575140598498,0.00033440440908745137
0.0008856221106302096,0.0002306853422106641
0.00019680941486582598,0.00027998816234990403
0.00047234213001669484,0.0006483104082980707
5.904398861296661e-05,0.00014314940205921857
0.0006494671109362818,0.0007228408943502423
0.0005707382227157886,0.0003505726346515923
0.0008462755944795327,0.0009555066940167484
0.00015745637945712375,0.0006735529753722031
0.00027552852419928113,0.0001553716138728762
0.0003542532214681866,0.0003146892414962357
0.0004329830410112548,0.0007342798638782836
0.0008069113831999299,0.0007812031548382729
0.0007281755100601239,5.401717501413877e-05
0.0008069127801837925,0.0008521866988633697
0.0005904184657104399,0.0003430796788740343
0.0008856328208398227,0.0007748925130697398
0.00035426625998423726,0.0009772023190638061
0.000708502717646073,0.0004400890322588799
3.936514260217787e-05,0.0002216259018618734
0.0002755331808121564,0.00039198342728986564
0.0009053121325118989,0.0007200771946087839
0.0005117077382801602,0.0008935974915016431
0.0006691431629793454,0.0005023973064973938
0.0009053084072215987,0.0005307877438751924
0.00045266002437689343,0.000561158638708833
7.872702557534307e-05,0.0002776235343318542
0.000196819193752864,0.0007768729705255818
0.0005313716831297482,5.796318876462206e-05
3.9380043763378655e-05,0.0009787837047962396
0.0008265906948720062,0.000726387836377317
0.000885620713646347,0.00015970179818556728
0.0008069020699741794,0.00030797952800429404
0.0009053037506087235,0.0002941759304582029
0.0004920139911081707,0.00021491618836993174
5.905423316129215e-05,0.0006636953915765953
0.00041329627875857813,0.0004105162808720564
0.0005313795993716361,0.0004602032715735041
0.00041329860706501576,0.0005288221875805511
0.0008659493182161587,0.0006167571994554052
0.0003148876132047212,6.940215829266336e-05
0.0003345827573605733,0.0008190670054494715
0.00039362581465096484,0.0009148940448252922
0.00047233654208124454,0.0003643762321976834
0.00019681314015612618,0.0004692776130834956
0.00031490391134978454,0.0008975435052521264
0.00033457111582838516,0.00022753747190699795
0.0003739316018176878,0.00021255156035188193
0.0005510584453824248,0.00038172677177084925
0.00013776682323672195,0.0002078223043157823
0.0007675373930332891,0.00011001480748411958
0.0009840335701517917,0.0007137665528402508
0.0009840340358130792,0.0007374277341819497
0.00035425089316174895,0.000196383334787741
0.00013777986175277264,0.0008703353818833527
0.0005117049443124351,0.0007516304034514494
0.0007478650662805257,0.0005197478460705596
0.0004723379390651071,0.00043535977622278024
0.0008659567687967591,0.0009953361009225883
0.00021650223071524046,0.0009113471027982175
0.00017712824054859962,0.00024015875544406416
8.381903175442434e-09,0.000425901264150581
5.905050787099195e-05,0.0004744059408430038
0.0008069016043128919,0.0002843183466625951
0.0006297803486836051,0.0003990773113440151
0.00029522227137127066,0.0008340529170045876
0.000492029357930659,0.0009957351726459969
0.0005904152060814273,0.00017745140948214168
0.00033456878752194754,0.00010923156519850323
0.0007478622723128005,0.00037778075802036596
0.00043296907117262905,2.4444423627315286e-05
0.0009446693588721889,0.0005394630136617753
0.00017713243150018734,0.00045310938751935465
0.0007084999236783478,0.0002981219442086862
0.0006101061592856916,0.0007141656245636594
0.0002361736261454288,0.00045429170152837955
0.00011809077119365836,0.0004282658921686308
0.0008462597619957569,0.00015102652839898436
0.000531376805403911,0.00031823618352331043
0.0007478743795062762,0.0009929714729045385
0.0004920270296242214,0.0008774292659375022
7.873866710753118e-05,0.0008691530678743278
0.0005510537887695496,0.00014511495835385982
0.00021649803976365274,0.000698396470722927
5.9050042209704426e-05,0.00045074475950130483
0.0004723393360489697,0.0005063433202478771
0.0007872320715278536,0.0008360184732992288
0.0004526558334253057,0.0003482080066335425
0.0002755275928767061,0.00010804925118947832
0.0005707410166835138,0.000492539722701786
0.0005313707518071731,1.064082608122417e-05
0.0007281750443988363,3.0355993672439826e-05
0.0004133069889681912,0.0009547234517311321
0.0002164877952153272,0.00017785048120555025
0.0003739413807047258,0.0007094363685275597
0.000354251824484324,0.00024370569747113888
0.00039361650142521435,0.00044167041799131335
0.0006691343154148824,5.283486100511386e-05
0.0005904221910007401,0.0005323691296076258
0.000511693302780247,0.00016010086990897584
0.00043298583497897994,0.0008762469519284772
0.0005117012190221349,0.0005623409527178579
1.9693747171989524e-05,0.0006786813031317113
0.00023617269482285375,0.00040696933884498167
0.0007675439122913144,0.0004412713462679048
0.0005707344974254884,0.00016128318391800075
0.000551051460463112,2.6809051645365102e-05
0.0009840209972970285,7.491465661437933e-05
0.0005904133434362772,8.280668411534591e-05
0.0004329700024952041,7.176678631071317e-05
0.0009053172547860617,0.0009803501893674723
0.0001377789304301976,0.0008230130191999548
0.0003936174327477894,0.0004889927806747112
0.0008659483868935836,0.0005694348367720073
5.904864522584185e-05,0.000379761215476208
0.0006101024339953914,0.0005248761738300678
0.0009249793369904996,5.007116126365548e-05
0.0005313791337103486,0.00043654209023180515
0.00031489646076918415,0.0005189646037849433
0.0006888266656030094,0.0006605326201117284
0.0005904142747588522,0.0001301290467987438
0.0006101075562695542,0.0007851491685887562
0.00019681500280127628,0.0005639223384502914
0.0008659474555710086,0.0005221124740886094
0.00013777287683345977,0.0005154176617578686
0.0005510631019953001,0.0006183385851878387
0.00039362255502195216,0.0007492657754333996
7.872236896246782e-05,4.101172091486478e-05
0.00025585852575295536,0.000683410559167811
0.0009446647022593136,0.00030285120024478585
0.0008659535091677464,0.0008297078315306957
0.00015745963908613643,0.0008391812447640958
0.000531378668049061,0.0004128809088901062
0.00021649850542494026,0.0007220576520646259
0.00019680429259166321,1.9715167591215655e-05
0.0006297770890545925,0.0002334490419521225
0.0008462578993506068,5.6381803032188585e-05
0.0003936155701026393,0.00039434805530791546
0.00021649478013464007,0.0005327682013310344
0.0008265799846623931,0.0001821806655182413
0.00043298397233382984,0.0007816022265616815
0.00015745265416682356,0.0004842635246386116
0.0009053107355280364,0.0006490936505836871
0.0009643407543023772,8.240761239193734e-05
0.0006691352467374575,0.00010015722368851175
0.0009053023536248609,0.0002231923864331061
0.00025586178538196803,0.0008490388285597036
0.00031489832341433425,0.000613609329151739
0.0003739390523982882,0.000591130461819065
0.000610094983414791,0.00014629727236288473
0.0007478655319418132,0.0005434090274122586
0.0007872167047053653,5.519948902316368e-05
0.0006100935864309285,7.53137283377879e-05
0.0008069104518773549,0.000733880792154875
0.0002755392344088942,0.0006995787847319519
0.0002164915205056274,0.0003671399319391418
0.0009446679618883263,0.00046847946963667845
0.00037394184636601333,0.0007330975498692587
0.00029520923285521997,0.00017153983943701714
0.0006297905932319307,0.0009196233008613918
0.0004329811783661047,0.0006396351385114878
0.0003542513588230365,0.00022004451612943994
0.0007872241552859657,0.00043377839049034677
0.0008659423332968458,0.00026183947932992106
1.9682571301088934e-05,0.0001108129509309367
0.0005313800650329236,0.00048386445291520304
0.0007675504315493398,0.00077252788505169
0.0004132995383875908,0.000576144550263949
0.0002558538691400801,0.00044679874575082154
0.0003345715814896727,0.0002511986532486969
0.0005707340317642009,0.0001376220025763018
0.00023618433635504187,0.0009984988723874553
9.8409596876432e-05,0.0003884364852627909
0.0007872236896246782,0.0004101172091486478
0.0005313744770974733,0.00019993027681481572
1.9690021881689328e-05,0.0004893918523981198
0.0004132953474360031,0.0003631939181886585
3.937352450535331e-05,0.0006475271660124544
0.0008856211793076346,0.00018336297952726622
0.0007872269492536909,0.0005757454785405404
0.0005510654303017377,0.0007366444918963334
0.000590430107242628,0.0009346092124165079
0.0009446698245334764,0.0005631241950034742
0.0009053046819312985,0.0003414982931416008
0.00043297465910807935,0.0003083785997277026
0.0004329816440273922,0.0006632963198531868
0.0001574438066023606,3.470107914633168e-05
0.0008856356148075478,0.0009168596011199335
0.000413303263677891,0.0007654340009975405
0.0008265841756139808,0.0003951312975935318
0.0005510640333178751,0.0006656609478712366
0.0004920167850758959,0.0003568832764201254
0.00029521994306483303,0.0007157470102960928
0.00011809682479039618,0.0007358612496107171
3.937259318277826e-05,0.0006002048033290565
0.00017712544658087448,9.81916673938705e-05
0.00025585247215621754,0.0003758152017257247
0.00037393253314026284,0.0002598739230352798
0.0007872185673505154,0.00014984421438995945
0.00023616896953255356,0.00021767988811139012
0.00043297838439837954,0.0004976680504612942
0.00039362441766710226,0.0008439105008001954
0.000669145491285783,0.0006207032132058885
0.0007281787696891365,0.00021964544440603137
0.0005510649646404502,0.0007129833105546345
4.190951587721217e-09,0.0002129506320752905
0.0008462690752215074,0.0006242501552329632
0.00015745591379583623,0.0006498917940305042
0.00019682198772058915,0.0009188400585757755
0.0002952250653389958,0.0009760200050547812
0.00037393113615640026,0.00018889037901018298
0.00021648453558631453,1.2222211813657643e-05
0.00047233467943609444,0.00026973150683088764
0.0001574554481345487,0.0006262306126888053
0.00011809263383880846,0.0005229106175354266
0.0003542499618391739,0.0001490609721043431
9.841192518286962e-05,0.0005067423919712856
5.904538559682918e-05,0.0002141329460843154
0.0009840233256034662,0.00019322056332287405
0.0005904226566620277,0.0005560303109493248
0.0005707391540383637,0.0003978949973349902
0.00023617688577444148,0.0006199199709202722
0.0003739371897531381,0.0004964857364522692
0.00019681593412385133,0.0006112447011336892
0.000570745673296389,0.0007291515361187754
3.936933355376559e-05,0.0004345765339371639
0.0003936160357639268,0.0004180092366496144
0.0006494703705652945,0.0008884691637421349
0.0008069062609257671,0.0005209301600795845
0.00015745777644098633,0.0007445365193973
0.0008659497838774462,0.0006404183807971042
0.0004133009353714534,0.0006471280942890458
0.000177125912242162,0.00012185284873556944
0.0007872204299956655,0.0002444889397567552
0.00055106123935015,0.0005236938598210429
0.0006691385063664701,0.00026578549308040435
0.00029521109550037007,0.0002661845648038129
0.00021649291748948997,0.0004381234759642386
0.0009446619082915885,0.00016088411219459219
0.00025585060951106744,0.00028117047635892894
0.00029522180570998313,0.0008103917356628886
0.000275525730231556,1.3404525822682551e-05
0.0006691440943019204,0.0005497196691807917
0.0005313740114361858,0.00017626909547311677
0.00021648500124760205,3.5883393155356587e-05
0.00045265862739303085,0.0004901750946837361
0.0008856183853399094,4.139589147707256e-05
0.0004329741934467918,0.00028471741838600366
0.0004329737277855043,0.0002610562370443047
0.0002558589914142429,0.0007070717405095099
0.00015746150173128652,0.0009338259701308915
0.00019681127751097608,0.0003746328877166998
0.0007281904112213247,0.000811174977948505
0.0006691347810761699,7.64960423468128e-05
0.0004723323511296568,0.00015142560012239292
0.0005117091352640228,0.0009645810355267399
7.872981954306821e-05,0.0004195906223820479
0.0008462602276570444,0.0001746877097406833
9.840214629583161e-05,9.857583795607828e-06
3.937119619891569e-05,0.0005292212593039597
0.00031488854452729623,0.00011672452097606124
0.0007872246209472532,0.0004574395718320457
0.0009446702901947639,0.0005867853763451732
0.000806914177167655,0.0009231702428884666
0.00021649198616691492,0.00039080111328084074
0.0004526553677640182,0.00032454682529184354
0.000610102899656679,0.0005485373551717668
0.0008856346834849728,0.0008695372384365356
0.00045265117681243046,0.00011159619321655305
0.0009840345014743668,0.0007610889155236487
0.0006888308565545971,0.0008734832521870189
7.873168218821831e-05,0.0005142353477488436
0.0009053079415603112,0.0005071265625334934
0.0008068969477000166,4.7706533245605665e-05
0.0001377696172044471,0.00034978939236597595
0.0009249979634420005,0.0009965184149316132
0.0008069146428289426,0.0009468314242301655
0.0005510705525759005,0.0009969174866550218
0.0005510617050114375,0.0005473550411627419
0.0006494647826298442,0.0006045349876417476
0.0008069039326193295,0.0004026242533710898
0.0009249914441839752,0.000665261876147828
0.00021649058918305234,0.0003198175692557439
0.0005904198626943025,0.0004140632228991311
0.0002361829393711793,0.0009275153283623584
0.0006494559350653812,0.00015497254214946765
0.00019681686544642638,0.0006585670638170871
0.00011809216817752093,0.0004992494361937276
1.3504177338212811e-08,0.0006861742589092694
0.0003936118448123391,0.0002050586045743239
1.9686762252676656e-05,0.0003237635830062272
0.00019681965941415152,0.0008005341518672808
0.0006888220089901341,0.00042392080669473894
0.000924996566458138,0.0009255348709065164
0.0005904249849684653,0.0006743362176578195
0.00015746010474742395,0.0008628424261057947
0.0009643402886410897,5.87464310502384e-05
0.00027553271515086885,0.0003683222459481667
0.000984021462958316,9.857583795607828e-05
9.841937576347002e-05,0.0008853212934384687
0.000984037295442092,0.0009030560035738423
0.0006494722332104446,0.0009831138891089307
1.1175870900589913e-08,0.0005678683522007746
0.0005313870499522365,0.0008387821730406872
7.873401049465593e-05,0.0006325412544573384
0.00021648732955403967,0.0001541892998638513
7.87219033011803e-05,1.735053957316584e-05
0.0008462630216247696,0.00031665479779087696
0.0002558631823658306,0.0009200223725848004
0.00084627047220537,0.0006952336992580601
0.0004132920878069904,0.0001975656487967659
0.0006888322535384597,0.0009444667962121157
0.0005510565827372747,0.0002870820464040535
0.0007478585470225003,0.00018849130728677442
0.0006494685079201444,0.0007938244383753391
0.0009446665649044637,0.0003974959256115816
0.0006888252686191468,0.0005895490760866315
0.00019682245338187667,0.0009425012399174744
1.968629659138913e-05,0.00030010240166452825
0.0006494540724202311,6.032781678267187e-05
0.0005313758740813359,0.00027091382083991255
5.905842411287987e-05,0.0008766460236518858
0.0008659441959419959,0.00035648420469671684
0.0007478571500386378,0.00011750776326167759
0.00021648919219918977,0.0002488340252306471
0.00019681220883355113,0.0004219552504000977
0.00037394603731760105,0.0009460481819445492
0.0002755373717637441,0.0006049340593651561
0.0003739469686401761,0.000993370544627947
5.905563014515472e-05,0.0007346789356016922
7.872795689791811e-05,0.0003249458970152521
0.0006101108158985669,0.0009507774379806488
9.841285650544467e-05,0.0005540647546546835
0.0007084943357428975,1.4187768108298894e-05
0.0008462588306731818,0.00010370416571558647
0.000590419397033015,0.00039040204155743217
9.841099386029457e-05,0.00045942002928788775
0.0006101010370115289,0.000453892629804971
0.0005707507955705518,0.0009894245308774638
0.0009053098042054613,0.0006017712879002892
5.904631691940423e-05,0.0002614553087677133
9.841378782801972e-05,0.0006013871173380814
0.00013777660212375997,0.0007047071124914601
0.00017712498091958695,7.453048605217155e-05
0.00031489692643047167,0.0005426257851266422
0.0004920116628017331,9.661028166143702e-05
0.0009053112011893239,0.000672754831925386
0.00043298071270481716,0.0006159739571697889
0.00011808844288722074,0.0003099599854601361
0.0006297761577320174,0.0001861266792687246
0.0007085055116137981,0.0005820561203090735
0.0006494713018878695,0.0009357915264255328
9.84133221667322e-05,0.0005777259359963825
0.0009053060789151611,0.00041248183716669764
0.00013777799910762254,0.0007756906565165569
0.00041330000404887833,0.0005998057316056479
0.000787219033011803,0.0001735053957316584
0.0001968080178819634,0.0002090046183248072
3.937724979565351e-05,0.0008368166167460459
0.000531387515613524,0.0008624433543823861
7.872888822049316e-05,0.00037226825969865
0.0007675401870010142,0.00025198189553431324
0.0005116928371189594,0.0001364396885672769
0.0006297859366190554,0.0006830114874444024
1.0710209613065333e-08,0.0005442071708590757
0.00033456925318323507,0.00013289274654020218
0.0008265888322268561,0.0006317431110105212
0.0006888243372965717,0.0005422267134032337
0.00047233095414579425,8.044205609729609e-05
0.00033458415434443585,0.0008900505494745684
0.0008856272329043724,0.0004909583369693525
0.0008462658155924947,0.0004586218858410706
0.0003345720471509602,0.00027485983459039584
0.0005313893782586741,0.0009570880797491819
0.0003148978577530467,0.0005899481478100401
0.00011809309950009598,0.0005465717988771255
0.0005904207940168776,0.000461385585582529
0.0005707466046189641,0.0007764738988021733
0.0005117096009253103,0.0009882422168684389
5.9057027129017295e-05,0.000805662479626789
0.00021648686389275215,0.00013052811852215236
0.0006101015026728164,0.00047755381114666993
0.0005904147404201397,0.00015379022814044274
0.0009643454109152525,0.0003190194258089268
0.0008068997416677418,0.00018967362129579932
7.873075086564326e-05,0.00046691298506544576
0.00033456739053808497,3.82480211734064e-05
0.00035426020638749944,0.0006696069616217199
0.0002361661755648284,7.571280006119646e-05
0.000885630492533385,0.0006565866063612451
0.00013778032741406016,0.0008939965632250517
0.0002952213400486956,0.0007867305543211897
0.00015744427226364812,5.836226048803062e-05
0.00021649431447335254,0.0005091070199893355
0.0009249858562485249,0.0003813277000474407
0.0007281936708503373,0.0009768032473403976
0.0003936123104736266,0.00022871978591602286
0.0006691399033503327,0.0003367690371055012
0.00047233514509738197,0.0002933926881725866
0.0005313828590006488,0.0006258315409653967
0.0006101005713502413,0.00043023144846327205
0.0006101080219308417,0.0008088103499304551
3.937864677951608e-05,0.0009078001607711428
0.00037394044938215075,0.0006621140058441618
0.0004526609556994685,0.0006084810013922309
0.0007281852889471619,0.0005509019831898166
0.0004920172507371834,0.00038054445776182434
0.0005117016846834224,0.0005860021340595568
0.0004526539707801556,0.0002535632812667467
0.0005904138090975647,0.00010646786545704485
0.00088562956121081,0.0006092642436778472
0.0008265920918558687,0.0007973713804024138
0.0006101070906082667,0.0007614879872470573
0.00035426067204878697,0.0006932681429634188
0.0005707363600706385,0.0002559279092847965
0.00027553085250571875,0.00027367752058137093
0.0008265818473075432,0.0002768253908850371
0.0007085101682266733,0.000818667933726063
0.0001377752051398974,0.0006337235684663633
0.0005904296415813405,0.0009109480310748089
0.0009052981626732732,1.0241754357815606e-05
0.0005313721487910357,8.1624370106321e-05
0.0002952232026938457,0.0008813752796879854
0.0007675508972106273,0.0007961890663933889
0.0002558594570755304,0.0007307329218512089
0.0008659469899097211,0.0004984512927469105
0.00015746243305386157,0.0009811483328142894
0.0009643444795926774,0.0002716970631255289
0.0008856235076140722,0.00030166888623576094
0.00029521249248423264,0.00033716810882890975
0.0008069099862160673,0.0007102196108131761
0.0009643533271571404,0.0007212595086178088
0.00013776635757543443,0.00018416112297408335
0.000492010731479158,4.928791897803914e-05
0.000492018647721046,0.0004515280017869212
5.587935450294956e-09,0.0002839341761003873
3.936700524732797e-05,0.0003162706272286692
0.0008068988103451667,0.00014235125861240144
3.936095165059015e-05,8.67526978658292e-06
0.0008659563031354716,0.0009716749195808894
0.0006494624543234065,0.00048622908093325285
1.96914188655519e-05,0.0005603753964232166
5.905237051614205e-05,0.0005690506662097995
0.00037392927351125016,9.424565364338721e-05
0.00015745684511841128,0.0006972141567139021
0.0005707442763125264,0.0006581679920936786
0.00047233328245223187,0.0001987479628057908
0.0009249825966195122,0.00021569943065554808
5.9051904854854525e-05,0.0005453894848681006
0.0009840298448614915,0.0005244771021066593
0.0007872302088827035,0.000741373747932433
0.0006888150240708212,6.900308656925479e-05
0.00011809589346782113,0.0006885388869273192
0.00031490251436592197,0.0008265599612270295
0.0009053102698667488,0.0006254324692419881
0.00023618200804860425,0.0008801929656789605
0.0006888285282481595,0.0007551773454785241
0.00013776868588187205,0.00030246702968257807
0.00013777567080118492,0.0006573847498080622
0.00017713801943563764,0.000737043563619742
0.00035426579432294974,0.0009535411377221072
0.0005707321691190508,4.2977277209506034e-05
0.0008856263015817973,0.0004436359742859546
0.0005904268476136154,0.0007689809430246153
0.0006297822113287552,0.0004937220367108109
0.0003542578780810618,0.0005513010549132251
0.00035424716787144876,7.093884054149447e-06
0.0005313772710651985,0.0003418973648650094
0.0002952096985165075,0.00019520102077871609
0.0007872181016892279,0.0001261830330482605
0.00045265490210273066,0.0003008856439501446
0.0009643505331894152,0.0005792924205676152
0.0008069137115063675,0.0008995090615467676
7.873540747851851e-05,0.0007035247984824352
0.00041330419500046605,0.0008127563636809384
0.0006494577977105313,0.0002496172675162634
0.00025586364802711813,0.0009436835539264994
0.0007478725168611261,0.0008983267475377427
0.00015744846321523584,0.0002713128925633211
0.0009052986283345607,3.390293569951455e-05
0.000944671221517339,0.000634107739028571
0.0002558557317852302,0.0005414434711176173
0.00047234585530699503,0.0008375998590316623
0.0003148997203981968,0.0006845928731768359
0.0003148880788660087,9.30633396343623e-05
0.00035425275580689905,0.00029102806015453677
0.0005313712174684607,3.4302007422923114e-05
0.0007084952670654726,6.151013079169678e-05
0.0008462653499312072,0.0004349607044993717
0.0007085031833073605,0.0004637502136005788
0.00045265303945758056,0.00020624091858334882
0.0003936095165059015,8.67526978658292e-05
9.84040089409817e-05,0.0001045023091624036
0.0008068974133613042,7.136771458730461e-05
1.9688624897826754e-05,0.00041840830837302297
0.0006691468882696456,0.0006916867572309853
0.0008462606933183319,0.00019834889108238224
0.0002558464185594797,6.821984428363845e-05
0.0006494615230008315,0.00043890671824985497
0.00037393858673700066,0.0005674692804773661
0.0003739395180595757,0.000614791643160764
0.00041329441611342803,0.0003158715555052606
0.0007675457749364645,0.0005359160716347006
0.0007675387900171516,0.0001809983515092164
0.0006691426973180579,0.00047873612515569484
0.0006100987087050912,0.0003355867230964763
0.000787219964334378,0.00022082775841505628
0.00015744892887652336,0.00029497407390502006
0.0005510533231082621,0.00012145377701216088
0.00025585480046265516,0.0004941211084342194
0.00033457996339284813,0.0006770999173992779
0.0006101084875921293,0.0008324715312721541
0.00029520737021006987,7.689511407022137e-05
0.00017713010319374972,0.00033480348081085993
0.000865955837474184,0.0009480137382391904
1.9697938123577246e-05,0.0008916319352070018
0.0007084989923557728,0.00025079958152528833
0.0007872316058665661,0.0008123572919575299
0.0001968229190431642,0.0009661624212591734
0.0008856249045979348,0.00037265243026085777
0.0008659530435064589,0.0008060466501889968
0.0005707428793286639,0.0005871844480685817
0.0009446754124689267,0.0008470583711038615
0.0001968061552368133,0.00011435989295801143
0.00023616757254869098,0.0001466963440862933
0.0007872264835924033,0.0005520842971988415
0.0005117002876995598,0.00051501859003446
0.0002361792140808791,0.0007382258776287669
3.937957810209113e-05,0.0009551225234545407
0.00011809403082267103,0.0005938941615605234
0.0002558645793496932,0.0009910059166098972
0.0008856230419527847,0.000278007704894062
0.00029520690454878235,5.3233932728522426e-05
0.000708513427855686,0.0009842962031179556
0.0004133074546294787,0.000978384633072831
0.0005313735457748983,0.00015260791413141783
0.0007478701885546884,0.000780020840829248
0.000236177351435729,0.0006435811522619711
0.00013776542625285938,0.00013683876029068546
0.0006297798830223176,0.00037541613000231615
0.0009840289135389165,0.00047715473942326137
0.0008069076579096297,0.0005919137041046814
1.490116120078655e-08,0.0007571578029343662
0.0003542550841133367,0.0004093339668630315
0.00029521482079067026,0.00045547401553740446
0.000846261624640907,0.00024567125376578013
0.000275535509118594,0.0005102893339983604
0.0005510561170759872,0.00026342086506235454
0.0005116923714576719,0.00011277850722557796
0.0004526674749574938,0.0009397375401760161
0.00039361836407036444,0.0005363151433581091
0.0005707470702802516,0.0008001350801438722
0.0004920214416887711,0.0005934950898371148
0.0005116979593931222,0.0003967126833259653
0.00035426439733908716,0.0008825575936970104
0.0007675467062590396,0.0005832384343180984
1.443549991326197e-08,0.0007334966215926672
0.0005510677586081753,0.0008549503986048281
7.873121652693079e-05,0.0004905741664071447
9.841239084415715e-05,0.0005304035733129846
0.000984019600313166,3.931112589282502e-06
0.0009840247225873287,0.0002642041073479709
0.0007085041146299355,0.0005110725762839767
0.00011810055008069638,0.0009251507003443086
0.0005904263819523279,0.0007453197616829163
0.00041330233235531595,0.0007181116383141427
0.0007872213613182406,0.0002918113024401531
2.793967725147478e-09,0.00014196708805019366
1.9683502623663984e-05,0.0001581353136143346
0.00025586038839810546,0.0007780552845346067
0.0009249830622807998,0.00023936061199724703
0.0009249947038129879,0.0008308901455397206
0.0007675527598557774,0.0008908337917601847
0.0008069109175386424,0.000757541973496574
9.841471915059477e-05,0.0006487094800214793
0.0009053074758990237,0.00048346538119179447
0.0005904217253394526,0.0005087079482659269
0.0009446591143238633,1.8917024144398525e-05
0.00025585666310780526,0.0005887658338010152
0.000806912314522505,0.0008285255175216708
0.00019681826243028895,0.000729550607842184
3.937771545694103e-05,0.0008604777980877449
0.0002164952457959276,0.0005564293826727333
7.872842255920564e-05,0.00034860707835695105
0.00017713569112920002,0.0006187376569112472
0.00023616664122611594,9.93739814028954e-05
0.00025585992273681793,0.0007543941031929078
0.0003739455716563135,0.0009223870006028502
0.0004920149224307458,0.00026223855105332963
0.000964355655463578,0.0008395654153263035
0.00039361510444135177,0.0003706868739662165
0.0001574591734248489,0.0008155200634223968
0.0008068978790225917,9.502889592900355e-05
0.00015745125718296098,0.00041327998061351477
0.00027553876874760667,0.000675917603390253
0.0009446740154850641,0.0007760748270787647
5.905935543545492e-05,0.0009239683863352837
0.0004526656123123437,0.0008450928148092203
0.0006101052279631166,0.0006668432618802615
0.00017713289716147487,0.0004767705688610536
0.00043298024704352964,0.0005923127758280899
0.0002952134238068077,0.00038449047151230763
0.0009446763437915018,0.0008943807337872594
9.841891010218249e-05,0.0008616601120967698
0.0007281843576245868,0.0005035796205064187
0.00017712358393572438,3.5469420270747235e-06
0.0007478580813612128,0.00016483012594507547
0.00039360905084461395,6.309151652413025e-05
0.0007675522941944899,0.0008671726104184858
7.874052975268128e-05,0.0009637977932411236
0.0009053158578021991,0.0009093666453423755
0.0006297738294255798,6.782077256022988e-05
0.00037393625843056303,0.00044916337376887136
7.872423160761792e-05,0.00013565644628166056
0.00019681453713998875,0.0005402611571085924
0.00017713475980662497,0.0005714152942278494
0.00045264931416728036,1.6951467849757275e-05
0.0004723356107586695,0.0003170538695142855
0.0007675406526623017,0.0002756430768760122
0.0006888317878771721,0.0009208056148704168
0.0001574498601990984,0.00034229643658841794
0.00017712637790344953,0.00014551403007726838
0.0003542476335327363,3.075506539584839e-05
0.0007084994580170603,0.00027446076286698727
0.0007675546225009275,0.0009854785171269805
0.00033457856640898556,0.000606116373374181
1.722946763840945e-08,0.0008754637096428609
0.00019680475825295074,4.33763489329146e-05
0.0006691371093826076,0.00019480194905530752
0.0003542611377100745,0.0007169293243051177
0.0006691520105438083,0.0009519597519896737
0.0005117026160059975,0.0006333244967429547
0.0009446651679206012,0.0003265123815864848
0.0003345734441348228,0.00034584337861549267
0.0006691515448825208,0.0009282985706479748
0.000944662373952876,0.00018454529353629113
0.0005313730801136108,0.0001289467327897189
0.0008265785876785305,0.00011119712149314448
0.0007281810979955742,0.0003379513511145261
0.000393609982167189,0.00011041387920752814
0.00017714267604851289,0.0009736553770367314
0.00029522366835513323,0.0009050364610296844
0.00039362208936066464,0.0007256045940917007
0.0006888145584095337,4.534190522755585e-05
0.00027552666155413103,6.072688850608044e-05
0.0007478711198772635,0.0008273432035126459
0.0006691417659954828,0.00043141376247229695
0.000865946058587146,0.0004511289300635126
0.0008659432646194209,0.00030916184201331895
0.0009643537928184279,0.0007449206899595078
0.0005904231223233152,0.0005796914922910237
0.0008462634872860571,0.0003403159791325759
0.0005707372913932136,0.0003032502719681944
0.0008265902292107186,0.0007027266550356181
9.841844444089497e-05,0.0008379989307550708
0.0009053125981731865,0.0007437383759504828
0.000432977918737092,0.0004740068691195952
0.0006691524762050959,0.0009756209333313727
0.0004329872319628425,0.0009472304959535741
0.0003542494961778864,0.00012539979076264416
9.84114595215821e-05,0.0004830812106295867
0.0008462737318343826,0.0008608619686499527
0.00011809822177425875,0.0008068447936358139
0.00043297652175322944,0.0004030233250944984
0.00021649664277979016,0.0006274129266978302
9.840307761840666e-05,5.7179946479005714e-05
0.0007085115652105359,0.0008896514777511598
0.00021650362769910303,0.0009823306468233143
0.00011808378627434549,7.334817204314665e-05
0.000590429175920053,0.00088728684973311
0.0005313819276780737,0.0005785091782819988
0.0003936132417962017,0.00027604214859942074
0.0007084961983880476,0.00010883249347509467
0.0004133051263230411,0.0008600787263643363
0.0008265911605332937,0.000750049017719016
0.0002558501438497799,0.00025750929501723
0.0005707461389576765,0.0007528127174604743
0.0004920200447049085,0.000522511545812018
0.0008462728005118076,0.0008135396059665548
0.0008659414019742708,0.00021451711664652318
0.0005510686899307504,0.000902272761288226
0.0007281918082051872,0.0008821585219736018
0.0004133065233069037,0.0009310622703894331
0.0009249895815388251,0.0005706171507810322
0.0003148899415111588,0.00018770806500115807
0.0004920144567694582,0.00023857736971163068
7.450580600393275e-09,0.0003785789014671831
0.0009053004909797108,0.00012854766106631032
0.0006494652482911317,0.0006281961689834465
0.0008069118488612174,0.0008048643361799719
0.0006888280625868719,0.0007315161641368252
0.000137767754559297,0.0002551446669991802
0.0008068964820387291,2.404535190390672e-05
0.0002755280585379936,0.00013171043253117727
0.0006297812800061802,0.000446399674027413
0.0008462760601408202,0.0009791678753584474
7.873587313980603e-05,0.0007271859798241341
0.0007281922738664748,0.0009058197033153007
0.0004723486492747202,0.000979566947081856
3.9365608263465393e-05,0.00024528708320357235
0.0007675448436138895,0.0004885937089513027
0.0007675383243558641,0.00015733717016751746
0.000492009800156583,1.965556294641251e-06
0.0004526595587156059,0.000537497457367134
7.873261351079336e-05,0.0005615577104322415
0.0007872325371891412,0.0008596796546409277
0.0007478641349579506,0.00047242548338716174
0.0008659544404903215,0.0008770301942140936
1.396983862573739e-09,7.098354402509683e-05
0.0009840307761840666,0.0005717994647900571
0.0005313726144523232,0.00010528555144801994
0.0004723295571619317,9.458512072199263e-06
0.0009446707558560515,0.0006104465576868721
9.840913121514448e-05,0.000364775303921092
0.000570744741973814,0.0006818291734353775
3.936421127960282e-05,0.00017430353917847552
0.0005510603080275749,0.000476371497137645
0.0005707405510222262,0.000468878541360087
0.00011808332061305797,4.96869907014477e-05
0.0006494694392427194,0.000841146801058737
0.0008659437302807084,0.0003328230233550179
0.0004526646809897687,0.0007977704521258224
0.00019680755222067589,0.00018534343698310826
0.0001180991530968338,0.0008541671563192118
0.0004133027980166035,0.0007417728196558416
7.872562859148049e-05,0.00020663999030675739
0.00043298769762413003,0.000970891677295273
0.00047233700774253207,0.00038803741353938236
0.0006888271312642969,0.0006841938014534273
0.0006691450256244955,0.0005970420318641896
0.00021649012352176482,0.00029615638791404496
0.0003345808947154232,0.0007244222800826758
0.00035425834374234935,0.0005749622362549241
0.000688829925232022,0.000826160889503621
0.0007085008550009229,0.0003454443068920841
0.0008265837099526933,0.00037147011625183286
3.937026487634064e-05,0.0004818988966205618
0.0008462681438989323,0.0005769277925495653
0.0005313814620167862,0.0005548479969402999
5.9057958451592344e-05,0.0008529848423101869
9.840726856999438e-05,0.0002701305785542962
0.000373945105995026,0.0008987258192611513
0.0009643579837700156,0.0009578713220347982
0.000806904398280617,0.00042628543471278876
0.0004723411986941198,0.0006009880456146728
1.396983862573739e-08,0.0007098354402509683
9.841751311831992e-05,0.000790676568071673
0.0009053070102377362,0.00045980419985009553
0.0009643528614958529,0.0006975983272761099
0.0003739437090111634,0.0008277422752360545
0.00017713056885503725,0.0003584646621525589
0.00037394417467245095,0.0008514034565777534
0.0009249956351355629,0.0008782125082231185
1.9696541139714672e-05,0.000820648391181905
0.0004329853693176924,0.0008525857705867783
0.0009053014223022859,0.0001758700237497082
0.0003345757724412604,0.0004641492853239874
0.00059042032835559,0.00043772440424083006
0.0005313782023877735,0.00038921972754840726
0.0009446749468076392,0.0008233971897621626
0.0008069151084902301,0.0009704926055718645
0.00041328929383926526,5.559856074657224e-05
0.0007281908768826122,0.0008348361592902039
1.9557774076032347e-08,0.0009937696163513556
0.0005904287102587655,0.000863625668391411
0.0009840242569260412,0.00024054292600627194
0.00017713755377435011,0.000713382382278043
0.0009840317075066416,0.000619121827473455
0.0002952115611616576,0.00028984574614551186
0.0007872250866085408,0.00048110075317374466
0.00015745870776356138,0.0007918588820806979
0.0006100996400276663,0.00038290908577987416
0.0008856179196786219,1.7734710135373618e-05
0.0008265892978881436,0.0006554042923522202
0.00045265629908659323,0.0003718691879752414
0.0005904254506297528,0.0006979973989995184
0.00033457623810254794,0.0004878104666656863
0.0009643496018668402,0.0005319700578842173
0.0007084980610331977,0.00020347721884189044
0.0005510528574469745,9.779259567046193e-05
0.0009249798026517871,7.373234260535442e-05
5.904911088712938e-05,0.00040342239681790694
0.00043297885005966707,0.0005213292318029931
0.0003936211580380896,0.0006782822314083028
0.00021648826087661472,0.0002015116625472492
0.0001771394164195002,0.0008080271076448388
0.0006494666452749943,0.0006991797130085433
0.0006100968460599411,0.0002409419977296805
0.00019680662089810084,0.00013802107429971037
0.000393619761054227,0.000607298687383206
0.0003542480991940238,5.4416246737547334e-05
0.0001968154684625638,0.0005875835197919903
0.0008856318895172476,0.0007275701503863419
0.00045266049003818095,0.0005848198200505319
0.0009446768094527893,0.0009180419151289584
0.0009840237912647537,0.000216881744664573
0.0009249923755065502,0.0007125842388312259
0.0009053088728828863,0.0005544489252168913
0.0003345776350864105,0.0005587940106907832
0.000826586969581706,0.0005370983856437255
0.0005313879812748115,0.0008861045357240851
0.0007675378586945766,0.00013367598882581852
0.0005707317034577633,1.931609586780709e-05
1.9696075478427147e-05,0.0007969872098402061
0.0006494699049040069,0.000864807982400436
0.000708494801404185,3.784894944999784e-05
0.0005510696212533254,0.0009495951239716239
0.0005904156717427148,0.00020111259082384062
0.000944672152839914,0.0006814301017119689
0.0008265934888397313,0.0008683549244275107
3.7252903001966375e-09,0.00018928945073359155
0.0004526502454898554,6.427383053315516e-05
0.0008659525778451714,0.0007823854688472978
0.0006888261999417218,0.0006368714387700294
0.0007478557530547752,4.652421923658076e-05
0.0009446726185012016,0.0007050912830536679
0.0009249872532323875,0.0004523112440725375
1.8160790213458608e-08,0.0009227860723262588
0.0001377640292689968,6.585521626558863e-05
0.0005117007533608474,0.0005386797713761589
0.0007085022519847854,0.00041642785091718093
0.00019682012507543905,0.0008241953332089797
0.00045266654363491877,0.0008924151774926182
7.873494181723098e-05,0.0006798636171407363
0.0004920288922693715,0.0009720739913042979
0.0005117068069575852,0.0008462751288182452
0.0008462751288182452,0.0009318455126750495
3.9367936569903016e-05,0.00036359298991206707
0.0007281792353504241,0.00024330662574773032
0.0006297910588932182,0.0009432844822030908
0.0009840275165550539,0.00040617119539816454
0.0008659409363129832,0.00019085593530482423
0.0005313889125973866,0.000933426898407483
0.00023618061106474167,0.0008092094216538637
0.0003739320674789753,0.00023621274169358087
0.0007675420496461643,0.000346626620901109
0.000747862737974088,0.0004014419393620649
0.0004920153880920333,0.00028589973239502857
0.0005904175343878649,0.0002957573161906364
0.0005313833246619363,0.0006494927223070956
0.0003936178984090769,0.0005126539620164102
0.0005904189313717275,0.00036674086021573323
0.0006888196806836965,0.0003056148999862442
0.0007675434466300269,0.00041761016492620584
1.9092112788507767e-08,0.0009701084350096567
0.00023616477858096584,4.729256036099631e-06
0.0003345855513282984,0.0009610340934996652
1.968210563980141e-05,8.715176958923776e-05
5.9041660306528984e-05,2.484349535072385e-05
0.00025586225104325556,0.0008727000099014025
0.0005116960967479721,0.0003020679579591695
0.0004329718651403542,0.00016641151167750895
0.00023617967974216662,0.0007618870589704658
0.0006297808143448927,0.00042273849268571403
0.0001771352254679125,0.0005950764755695483
0.000551070086914613,0.0009732563053133228
5.90495765484169e-05,0.0004270835781596059
0.0009446660992431762,0.0003738347442698827
0.0007478590126837879,0.00021215248862847336
0.0008265883665655685,0.0006080819296688223
0.0004920251669790713,0.0007827845405707064
0.0008265809159849681,0.0002295030282016392
0.0007281866859310245,0.0006218855272149134
3.9362814295740246e-05,0.00010331999515337869
0.0009053167891247742,0.0009566890080257733
0.0006888215433288466,0.00040025962535304
0.0005117058756350101,0.0007989527661348473
0.00021649384881206502,0.0004854458386476365
0.00023616850387126603,0.00019401870676969118
0.0008265865039204184,0.0005134372043020265
0.000826579053339818,0.00013485830283484343
9.841611613445734e-05,0.0007196930240465761
0.0007675513628719148,0.0008198502477350879
0.0005707335661029134,0.00011396082123460286
0.00033457251281224774,0.0002985210159320948
0.0008462592963344694,0.00012736534705728541
0.00047234818361343266,0.000955905765740157
0.000767536461710714,6.269244480072169e-05
0.00017712917187117467,0.00028748111812746204
0.0008462583650118943,8.004298437388753e-05
0.00035425042750046143,0.00017272215344604205
0.0007478687915708259,0.0007090372968041512
0.00035425694675848677,0.0005039786922298273
0.0009249784056679245,2.748798580257594e-06
0.0006100982430438037,0.00031192554175477733
0.0007675425153074518,0.00037028780224280795
0.0007085106338879609,0.0008423291150677619
0.0007872162390440778,3.1538307681464733e-05
5.90533018387171e-05,0.0006163730288931974
0.0005707386883770761,0.00037423381599329124
0.00066913664372132,0.00017114076771360858
0.0009249816652969372,0.0001683770679721502
0.0006297850052964804,0.0006356891247610045
0.0007478604096676504,0.0002831360326535702
0.0003149029800272095,0.0008502211425687285
0.0009446744811463517,0.0007997360084204637
0.0006691413003341953,0.000407752581130598
0.0005510547200921246,0.0001924373210372577
0.0007085078399202357,0.0007003620270175683
0.00021649617711850264,0.0006037517453561312
6.984919312868695e-09,0.00035491772012548415
0.0004526535051188681,0.00022990209992504776
0.0007675443779526019,0.0004649325276096037
0.00021650083373137789,0.0008403635587731207
0.0001771412790646503,0.0009026718330116346
0.0008069011386516044,0.00026065716532089615
0.0007085003893396353,0.00032178312555038516
0.0006691510792212333,0.0009046373893062758
0.00029521808041968294,0.0006211022849292971
0.00045265071115114294,8.79350118748541e-05
0.0009643565867861531,0.0008868877780097014
0.0001968210563980141,0.0008715176958923776
0.000295210164177795,0.00021886220212041503
0.0003542630003552246,0.0008115740496719135
0.0005904166030652898,0.0002484349535072385
0.0004723374734038196,0.0004116985948810813
0.0005707433449899514,0.0006108456294102807
0.0009249891158775376,0.0005469559694393333
0.0009840377611033794,0.0009267171849155413
0.0006297836083126178,0.0005647055807359077
9.778887038016174e-09,0.0004968848081756778
0.0007085092369040983,0.0007713455710426651
0.00029521435512938274,0.0004318128341957055
0.0004920121284630206,0.00012027146300313597
0.0008462718691892325,0.0007662172432831569
0.0004920158537533208,0.0003095609137367275
0.0008265813816462557,0.00025316420954333814
7.872935388178069e-05,0.00039592944104034893
0.0008265832442914058,0.0003478089349101339
0.00027553830308631915,0.000652256422048554
0.0007872232239633907,0.0003864560278069489
0.00035424903051659885,0.00010173860942094522
0.0005117082039414478,0.000917258672843342
0.0005116998220382723,0.000491357408692761
0.0009249867875711,0.0004286500627308386
0.0004526670092962063,0.0009160763588343171
0.0008659479212322961,0.0005457736554303084
0.0006100963803986536,0.00021728081638798156
0.0001771408134033628,0.0008790106516699356
0.0008856281642269474,0.0005382806996527504
0.0001968098805271135,0.000303649343691603
0.0001771240495970119,2.7208123368773667e-05
9.84077342312819e-05,0.00029379175989599515
0.0007675490345654772,0.0007015443410265932
0.00047233840472639464,0.0004590209575644792
0.00027554016573146925,0.0007469011474153498
0.00045265443644144313,0.00027722446260844565
0.0009053144608183366,0.0008383831013172786
0.000413293484790853,0.00026854919282186273
0.0006101103502372794,0.0009271162566389499
0.0009249909785226877,0.0006416006948061291
0.0002952078358713574,0.00010055629541192031
0.00017713429414533744,0.0005477541128861504
0.000472336076419957,0.00034071505085598447
0.000610093120769641,5.165254699608895e-05
0.0006101042966405415,0.0006195208991968636
0.00041329674441986566,0.00043417746221375533
0.0003149015830433469,0.0007792375985436317
0.0009840265852324788,0.00035884883271476665
1.8626451500983188e-09,9.464472536679577e-05
0.0008462746631569577,0.0009081843313333505
0.0008659427989581333,0.00028550066067162
0.0003739278765273876,2.326210961829038e-05
0.0009643561211248655,0.0008632265966680025
0.000846262555963482,0.000292993616449178
0.000610103830979254,0.0005958597178551646
9.841006253771952e-05,0.00041209766660448986
3.936747090861549e-05,0.0003399318085703681
0.000924997497780713,0.0009728572335899143
0.0002558534034787926,0.0004231375644091226
1.9683968284951508e-05,0.00018179649495603353
0.000255860854059393,0.0008017164658763057
0.0003148955294466091,0.0004716422411015454
0.0008659386080065456,7.255002859632952e-05
0.0004329704681564916,9.542796765241212e-05
0.0006101089532534168,0.000856132712613853
0.0007085097025653858,0.000795006752384364
0.00011809030553237084,0.00040460471082693185
0.0007085120308718234,0.0009133126590928587
0.0006691380407051826,0.0002421243117387054
0.0006101001056889538,0.0004065702671215731
0.0007675415839848768,0.00032296543955941007
0.0007281815636568617,0.00036161253245622503
0.0008659507152000213,0.000687740743480502
0.000806903466958042,0.00037896307202939087
0.0006297826769900428,0.0005173832180525098
0.00029520876719393244,0.0001478786580953182
0.0001377807930753477,0.0009176577445667506
0.00033458182603799823,0.0007717446427660736
0.00019680894920453846,0.0002563269810082051
0.0008856309581946726,0.000680247787702944
0.0004329849036564049,0.0008289245892450794
0.0009840331044905042,0.0006901053714985519
0.00047234445832313246,0.0007666163150065654
0.00011808238929048292,2.3646280180498157e-06
1.9694678494564574e-05,0.0007260036658151092
0.0007478720511998385,0.0008746655661960438
0.0003936248833283898,0.0008675716821418943
0.0006101019683341039,0.0005012149924883689
0.0009249928411678378,0.0007362454201729248
0.0005707475359415391,0.0008237962614855712
0.0007281899455600371,0.000787513796606806
0.0002164859325701771,8.320575583875447e-05
0.0006691478195922206,0.0007390091199143832
0.000295219011742258,0.000668424647612695
0.00011808983987108331,0.0003809435294852329
0.00031489040717244633,0.00021136924634285702
0.0005116937684415345,0.00018376205125067479
0.0002755350434573065,0.0004866281526566614
0.0007872194986730905,0.00019716657707335734
0.0004329797813822421,0.000568651594486391
0.000984039158087242,0.0009977007289406381
0.00025585293781750507,0.00039947638306742366
0.00011808425193563302,9.700935338484559e-05
0.000629788264925493,0.0008013173941528971
5.905749279030482e-05,0.0008293236609684879
0.0008265953514848814,0.0009629996497943064
0.000511703081667285,0.0006569856780846537
1.8626451500983188e-08,0.0009464472536679577
0.0009643477392216901,0.0004373253325174215
0.00023617409180671633,0.0004779528828700785
0.00027554389102176944,0.0009361905981489413
0.0006494573320492438,0.00022595608617456448
0.0006888327191997472,0.0009681279775538146
0.000688820146344984,0.00032927608132794317
0.0009053153921409116,0.0008857054640006765
0.00037393439578541294,0.0003545186484020756
0.00017713988208078774,0.0008316882889865377
0.000551052391785687,7.413141432876299e-05
0.0003936081195220389,1.5769153840732367e-05
0.00033456832186066,8.557038385680429e-05
0.0008856253702592223,0.0003963136116025567
0.0003739302048338252,0.0001415680163267851
0.0006101094189147043,0.000879793893955552
0.00023618340503246682,0.0009511765097040574
0.0009249951694742754,0.0008545513268814196
0.00033457065016709764,0.000203876290565299
0.000531386584290949,0.0008151209916989882
0.0003345790320702731,0.00062977755471588
0.00062977755471588,0.00025711022329382143
0.0007478739138449886,0.0009693102915628395
0.0005313805306942111,0.000507525634256902
0.0007478683259095383,0.0006853761154624522
1.9691884526839426e-05,0.0005840365777649156
0.0005904170687265774,0.00027209613484893745
0.0008265851069365559,0.0004424536602769297
0.0009643482048829776,0.00046098651385912044
0.0007872339341730037,0.0009306631986660246
5.9056095806442246e-05,0.0007583401169433911
9.841052819900705e-05,0.0004357588479461888
0.000905313995157049,0.0008147219199755797
0.0002164971084410777,0.0006510741080395291
0.0008069095205547798,0.0006865584294714771
0.0001771315001776123,0.00040578702483595676
0.0002952083015326449,0.00012421747675361926
7.873214784950584e-05,0.0005378965290905426
0.0009643551898022905,0.0008159042339846046
0.0003148918041563089,0.00028235279036795385
0.0006297877992642055,0.0007776562128111982
0.0006691492165760832,0.00080999266393948
0.00019681407147870123,0.0005165999757668935
0.00035425461845204915,0.00038567278552133254
0.0005510607736888625,0.000500032678479344
0.0007281862202697369,0.0005982243458732145
0.0007478552873934877,2.2863037894881814e-05
0.0005707498642479767,0.0009421021681940659
0.00041329069082312784,0.00012658210477166907
0.0008462644186086321,0.0003876383418159738
0.0008659516465225963,0.0007350631061638999
0.0008856244389366472,0.0003489912489191588
3.9364676940890344e-05,0.00019796472052017447
0.000629787333602918,0.0007539950314694992
0.0009446670305657513,0.00042115710695328056
0.00013777473947860987,0.0006100623871246643
0.000669146422608358,0.0006680255758892864
0.0004132916221457029,0.00017390446745506696
1.969235018812695e-05,0.0006076977591066145
0.00013776915154315957,0.000326128211024277
0.000787220895656953,0.00026815012109845417
0.00017712451525829943,5.086930471047261e-05
0.000924987718893675,0.00047597242541423646
0.0008659488525548712,0.0005930960181137063
0.0002755397000701817,0.0007232399660736509
5.906075241931749e-05,0.0009949519303603805
9.840494026355675e-05,0.0001518246718458015
7.87391327688187e-05,0.0008928142492160267
0.0005117072726188727,0.0008699363101599441
0.0009446595799851509,4.257820548609747e-05
0.0005313861186296614,0.0007914598103572893
0.00013777008286573462,0.0003734505737076749
0.0009643398229798022,3.508524970853946e-05
0.0004526572304091683,0.0004191915506586393
0.00043298443799511736,0.0008052634079033804
0.0008659404706516957,0.0001671947539631253
0.0007478613409902255,0.0003304583953369681
0.0004526651466510562,0.0008214316334675213
0.0005116965624092596,0.00032572913930086845
0.0007281778383665615,0.00017232308172263349
0.0002361680382099785,0.00017035752542799223
0.0005707438106512389,0.0006345068107519796
0.00015745079152167346,0.00038961879927181583
9.313225750491594e-10,4.732236268339789e-05
0.0004329713994790667,0.00014275033033581
0.0005510658959630252,0.0007603056732380323
0.0007085110995492484,0.0008659902964094609
0.0005116951654253971,0.0002547455952757716
0.00047234492398442,0.0007902774963482644
0.000747870654215976,0.0008036820221709469
0.0007872274149149784,0.0005994066598822394
0.0006494661796137067,0.0006755185316668444
0.0007478636692966631,0.0004487643020454628
0.0006888168867159713,0.00016364781193605057
0.0005707503299092643,0.0009657633495357648
0.0009643435482701024,0.000224374700442131
0.0008462648842699197,0.00041129952315767273
0.0003542560154359117,0.00045665632954642937
0.00029522040872612056,0.0007394081916377918
0.0003148913384950214,0.0002586916090262549
0.0009249937724904128,0.0007835677828563227
0.00031490204870463444,0.0008028987798853306
0.000728188082914887,0.0006928690712400102
3.937818111822856e-05,0.0008841389794294438
9.840447460226923e-05,0.00012816349050410254
0.0001574573107796988,0.000720875338055601
0.0009249919098452627,0.000688923057489527
0.0007872255522698283,0.0005047619345154436
0.00021649245182820244,0.0004144622946225397
0.00023617222916156623,0.0003833081575032827
0.0008856202479850595,0.00013604061684386833
5.904119464524146e-05,1.1823140090249078e-06
0.00047234259567798236,0.0006719715896397697
9.841797877960744e-05,0.0008143377494133719
0.0003739465029788886,0.0009697093632862481
0.0004526590930543184,0.0005138362760254351
0.0003345739097961103,0.0003695045599571916
0.0003345850856670109,0.0009373729121579662
5.9044919935541656e-05,0.00019047176474261645
7.873773578495613e-05,0.0008218307051909299
0.00015744520358622316,0.00010568462317142851
0.00025584688422076725,9.188102562533739e-05
0.0008069053296031921,0.00047360779739618664
0.0006494643169685566,0.0005808738063000486
0.000492019579043621,0.0004988503644703191
0.0009840256539099038,0.00031152647003136876
5.904212596781651e-05,4.8504676692422794e-05
0.0003148941324627465,0.00040065869707644856
0.0004132976757424407,0.0004814998248971532
0.0002558515408336425,0.0003284928390423268
9.313225750491594e-09,0.00047322362683397887
0.0009840363641195169,0.0008557336408904445
0.00047234771795214513,0.000932244584398458
0.00011808704590335816,0.00023897644143503925
0.00013777194551088472,0.00046809529907447067
0.00039362022671551454,0.0006309598687249049
0.0005707396196996512,0.0004215561786766891
0.0009446782064366519,0.0009890254591540552
1.969933510743982e-05,0.0009626154792320987
0.0004526576960704558,0.00044285273200033825
0.0009053051475925861,0.00036515947448329976
0.00043298210968867974,0.0006869575011948857
0.0008462574336893193,3.272062169048964e-05
7.873820144624366e-05,0.0008454918865326289
0.0005117063412962977,0.0008226139474765463
0.0008265939545010188,0.0008920161057692096
0.00013778172439792274,0.0009649801072501485
9.841984142475754e-05,0.0009089824747801677
0.0002755261958928435,3.7065707164381494e-05
0.0007872218269795281,0.00031547248378185205
1.3038516050688231e-08,0.0006625130775675704
0.00011809170251623341,0.0004755882548520287
0.000747860875328938,0.00030679721399526913
0.0004920209760274836,0.0005698339084954159
0.00041329255346827794,0.00022122683013846484
0.00045266794061878135,0.000963398721517715
0.00017714174472593784,0.0009263330143533335
0.0005904119464524146,1.1823140090249078e-05
5.905469882257967e-05,0.0006873565729182943
0.0006494629199846941,0.0005098902622749518
0.00039361696708650187,0.0004653315993330123
0.0005117054099737226,0.0007752915847931484
0.0008069155741515176,0.0009941537869135634
0.0007084975953719102,0.0001798160375001915
1.9695144155852098e-05,0.0007496648471568082
3.936607392475292e-05,0.0002689482645452713
0.0008856370117914104,0.0009878431451450303
0.0007085013206622104,0.00036910548823378304
0.00029522553100028333,0.0009996811863964802
0.00011809961875812133,0.0008778283376609107
0.0009249811996356497,0.00014471588663045125
0.000885628629888235,0.0005619418809944493
0.0003936267459735399,0.0009622164075086901
0.00017712730922602457,0.00019283639276066627
0.00027553038684443123,0.000250016339239672
0.0005904212596781651,0.00048504676692422794
9.842077274733259e-05,0.0009563048374635656
0.0007675495002267647,0.0007252055223682921
0.0008265767250333804,1.655239612634871e-05
0.000865937211022683,1.566484571232686e-06
0.0006297845396351929,0.0006120279434193056
0.0005510579797211373,0.0003580655904291503
0.00013777846476891007,0.0007993518378582559
0.000314893666801459,0.0003769975157347496
0.0005116919057963844,8.911732588387901e-05
0.0005904310385652031,0.0009819315750999058
0.00035426206903264954,0.0007642516869885156
0.0003936104478284765,0.00013407506054922708
0.0006494587290331063,0.0002969396301996613
0.0008069071922483422,0.0005682525227629824
0.0009643570524474406,0.0009105489593514004
0.0007085083055815232,0.0007240232083592672
5.9051439193567e-05,0.0005217283035264017
0.0008659502495387337,0.0006640795621388031
0.00023618247370989177,0.0009038541470206595
0.0008265897635494311,0.0006790654736939191
0.000984031241845354,0.0005954606461317561
0.0005707480016028266,0.0008474574428272701
0.0006297794173610301,0.0003517549486606172
3.937212752149074e-05,0.0005765436219873576
0.0006297817456674677,0.0004700608553691119
1.2107193475639072e-08,0.0006151907148841725
0.0005707377570545011,0.00032691145330989335
0.0006100954490760786,0.00016995845370458367
0.0001771431417098004,0.0009973165583784303
0.0007872157733827903,7.87712633976579e-06
0.00076755415683964,0.0009618173357852815
0.00011809496214524608,0.0006412165242439213
0.0003739376554144256,0.0005201469177939682
0.00037393998372086323,0.0006384528245024629
0.00037393067049511274,0.00016522919766848404
0.00019681779676900143,0.000705889426500485
0.0004920274952855089,0.0009010904472792011
0.0002558482812046298,0.00016286456965043422
0.0003542592750649244,0.000622284598938322
0.000826578122017243,8.753594015144554e-05
1.969840378486477e-05,0.0009152931165487008
0.0005116946997641095,0.00023108441393407267
