time,arrived_system_global,arrived_system_task_1,arrived_system_task_2,arrived_cloudlet_global,arrived_cloudlet_task_1,arrived_cloudlet_task_2,arrived_cloud_global,arrived_cloud_task_1,arrived_cloud_task_2,completed_system_global,completed_system_task_1,completed_system_task_2,completed_cloudlet_global,completed_cloudlet_task_1,completed_cloudlet_task_2,completed_cloud_global,completed_cloud_task_1,completed_cloud_task_2,population_system_global,population_system_task_1,population_system_task_2,population_cloudlet_global,population_cloudlet_task_1,population_cloudlet_task_2,population_cloud_global,population_cloud_task_1,population_cloud_task_2,response_system_global,response_system_task_1,response_system_task_2,response_cloudlet_global,response_cloudlet_task_1,response_cloudlet_task_2,response_cloud_global,response_cloud_task_1,response_cloud_task_2,service_system_global,service_system_task_1,service_system_task_2,service_cloudlet_global,service_cloudlet_task_1,service_cloudlet_task_2,service_cloud_global,service_cloud_task_1,service_cloud_task_2,switched_system_global,switched_system_task_1,switched_system_task_2,switched_cloudlet_global,switched_cloudlet_task_1,switched_cloudlet_task_2,switched_cloud_global,switched_cloud_task_1,switched_cloud_task_2,switched_completed_system_global,switched_completed_system_task_1,switched_completed_system_task_2,switched_completed_cloudlet_global,switched_completed_cloudlet_task_1,switched_completed_cloudlet_task_2,switched_completed_cloud_global,switched_completed_cloud_task_1,switched_completed_cloud_task_2,switched_ratio_system_global,switched_ratio_system_task_1,switched_ratio_system_task_2,switched_ratio_cloudlet_global,switched_ratio_cloudlet_task_1,switched_ratio_cloudlet_task_2,switched_ratio_cloud_global,switched_ratio_cloud_task_1,switched_ratio_cloud_task_2,switched_response_system_global,switched_response_system_task_1,switched_response_system_task_2,switched_response_cloudlet_global,switched_response_cloudlet_task_1,switched_response_cloudlet_task_2,switched_response_cloud_global,switched_response_cloud_task_1,switched_response_cloud_task_2,switched_service_system_global,switched_service_system_task_1,switched_service_system_task_2,switched_service_cloudlet_global,switched_service_cloudlet_task_1,switched_service_cloudlet_task_2,switched_service_cloud_global,switched_service_cloud_task_1,switched_service_cloud_task_2,throughput_system_global,throughput_system_task_1,throughput_system_task_2,throughput_cloudlet_global,throughput_cloudlet_task_1,throughput_cloudlet_task_2,throughput_cloud_global,throughput_cloud_task_1,throughput_cloud_task_2
50000.008302366674,726299.0,299983.0,426316.0,482673.0,293486.0,189187.0,243626.0,6497.0,237129.0,613515.0,299970.0,313545.0,369904.0,293473.0,76431.0,243611.0,6497.0,237114.0,43.12845784734865,13.779759653937845,29.348698193412954,18.5993616670825,13.066686210994062,5.53267545608897,25.24208752619339,0.5952544654859662,24.646833060707674,3.4727180844290504,2.260243943775351,4.632697889471038,2.5255189349647336,2.2201472763140524,3.6980580457861465,4.910964937746219,4.071432075200591,4.933968408684076,2130564.635568489,678005.3758142921,1452559.2597541967,934199.5561191948,651553.2816217139,282646.27449748095,1196365.0794492941,26452.09419257824,1169912.985256716,112750.0,0.0,112750.0,112750.0,0.0,112750.0,112750.0,0.0,112750.0,112743.0,0.0,112743.0,0.0,0.0,0.0,112743.0,0.0,112743.0,0.15523909574431466,0.0,0.26447517803694914,0.23359500117056475,0.0,0.5959711819522483,0.4627995369952304,0.0,0.47547959127732164,6.804821590025612,0,6.804821590025612,0,0,0,5.352688664033691,0,5.352688664033691,767196.0005242575,0.0,767196.0005242575,163717.82247510718,0.0,163717.82247510718,603478.1780491504,0.0,603478.1780491504,12.270297962549742,5.999399003815793,6.270898958733949,7.3980787715687475,5.86945902539198,1.5286197461767672,4.872219190980995,0.12993997842381308,4.742279212557182
51000.04765132833,3253.0,1348.0,1905.0,2102.0,299406.0,192978.0,1151.0,6659.0,241858.0,2717.0,1343.0,1374.0,1568.0,299391.0,77973.0,1149.0,6659.0,241838.0,44.97407134976098,14.661640308937098,30.31243104082386,18.789861970490183,13.78748215135649,5.002379819133729,26.760869565217405,0.7004347826086955,26.06043478260869,3.5874200011325805,2.3371846824042777,4.809447681665413,2.626977086420724,2.300817243405321,4.20909572791335,4.898102760286794,3.436665396326219,4.9549217536415,9747.020143077221,3138.839028468945,6608.181114608276,4119.100071507695,664610.1765320982,288277.6979800289,5627.920071569526,27064.990047281506,1193184.1372782234,532.0,0.0,532.0,532.0,0.0,115000.0,532.0,0.0,115000.0,530.0,0.0,530.0,0.0,0.0,0.0,530.0,0.0,114988.0,0.1635413464494313,0.0,0.27926509186351706,0.2530922930542341,0.0,0.6675031367628608,0.4622067767158992,0.0,0.48014440433212996,6.801219592536888,0,6.801219592536888,0,0,0,5.3650241265278105,0,5.3650241265278105,3604.6463840445504,0.0,3604.6463840445504,761.1835969848107,0.0,166941.01104515814,2843.4627870597396,0.0,615614.6652197556,12.419662558466001,6.138979321317571,6.2806832371484305,7.1674754846060695,5.942422276777991,1.2250532078280782,5.2521870738599326,0.19655704453957973,5.055630029320353
52000.067241139084,6434.0,2669.0,3765.0,4273.0,305374.0,196762.0,2161.0,6796.0,246596.0,5402.0,2672.0,2730.0,3245.0,305361.0,79451.0,2157.0,6796.0,246565.0,43.583256244218326,14.174098057354305,29.40915818686392,18.618913857677942,13.35744382022472,5.261470037453214,25.717693376563272,0.7139879573876793,25.00370541917555,3.4842286091615278,2.289187609027307,4.653880459842347,2.52010128099676,2.234665536387904,3.7025561722924003,4.9346658738322144,4.74644102074107,4.939866941711817,18821.802946690572,6116.7092913209635,12705.093655369608,8177.728656834486,677924.6078904383,293650.535242071,10644.074289856086,27659.299478310095,1216774.137300576,1026.0,0.0,1026.0,1026.0,0.0,117304.0,1026.0,0.0,117304.0,1031.0,0.0,1031.0,0.0,0.0,0.0,1031.0,0.0,117293.0,0.15946534037923532,0.0,0.2725099601593626,0.24011233325532413,0.0,0.6173285198555957,0.4747801943544655,0.0,0.48787446504992865,6.455111318077338,0,6.455111318077338,0,0,0,5.145219113497683,0,5.145219113497683,6655.219768937735,0.0,6655.219768937735,1350.498862921624,0.0,170092.94435255928,5304.720906016111,0.0,627871.7543101384,12.346636422203627,6.107036749375804,6.239599672827824,7.41666701037593,5.974473825923784,1.4421931844521454,4.929969411827698,0.1325629234520197,4.797406488375678
53000.131889377386,9652.0,3920.0,5732.0,6412.0,311278.0,200619.0,3240.0,6906.0,251507.0,8149.0,3910.0,4239.0,4925.0,311260.0,81001.0,3224.0,6905.0,251474.0,43.58066691185505,13.299558661272505,30.281108250582232,18.601372426699946,12.608390517779155,5.992981908920734,25.58415841584155,0.532023514851486,25.052134900990175,3.4655792017285973,2.182509301295782,4.649066654121215,2.4900321392714755,2.1437973052411317,3.7024870288238043,4.955830219905187,4.0597960973130665,4.9783379132866745,28241.00491488634,8533.611368066508,19707.393546819832,12263.408285912017,690700.5247384314,299571.3332743018,15977.596628974323,28095.82281914191,1241264.8937614746,1487.0,0.0,1487.0,1487.0,0.0,119617.0,1487.0,0.0,119617.0,1479.0,0.0,1479.0,0.0,0.0,0.0,1479.0,0.0,119599.0,0.15406133443845835,0.0,0.25942079553384506,0.2319089207735496,0.0,0.578149300155521,0.4589506172839506,0.0,0.47056962025316457,6.865746961202379,0,6.865746961202379,0,0,0,5.36865107588356,0,5.36865107588356,10154.439755618318,0.0,10154.439755618318,2214.2048143865322,0.0,173507.31449013803,7940.234941231785,0.0,640020.912577051,12.416062952743934,5.957394299328603,6.458668653415331,7.503879008745106,5.837027509137564,1.6668514996075425,4.912183943998827,0.12036679019103826,4.791817153807789
54000.144161790515,1254.0,530.0,724.0,881.0,317100.0,204352.0,373.0,7094.0,256160.0,1060.0,529.0,531.0,687.0,317085.0,82522.0,373.0,7094.0,256135.0,38.668393782383426,12.573245407442327,26.095148374941125,18.26264923251847,12.446276293348488,5.8163729391699865,21.35790884718499,0.0214477211796247,21.33646112600538,3.4113682046146456,2.194133872203976,4.624017850274239,2.4832425583456543,2.196968512445126,3.426157697030521,5.12081141905646,1.4472061686610687,5.140615220945384,3616.0502968915243,1160.6968183959034,2455.353478495621,1705.9876375834647,703930.080321602,304964.63584410376,1910.0626593080597,28955.75785792995,1264591.2967310154,191.0,0.0,191.0,191.0,0.0,121826.0,191.0,0.0,121826.0,191.0,0.0,191.0,0.0,0.0,0.0,191.0,0.0,121811.0,0.15231259968102073,0.0,0.2638121546961326,0.21679909194097616,0.0,0.5410764872521246,0.5120643431635389,0.0,0.5148247978436657,7.839466489599064,0,7.839466489599064,0,0,0,6.15853244445811,0,6.15853244445811,1497.3380995134212,0.0,1497.3380995134212,321.05840262192214,0.0,176587.22536089201,1176.279696891499,0.0,652333.1375416997,11.332054015497155,5.655336390752826,5.676717624744329,7.344453876081647,5.6339551567613215,1.7104987193203254,3.9876001394155085,0.021381233991504066,3.9662189054240042
55000.17816745342,4608.0,1934.0,2674.0,3068.0,322973.0,208096.0,1540.0,7233.0,260855.0,3866.0,1933.0,1933.0,2332.0,322962.0,84032.0,1534.0,7233.0,260834.0,43.91349883630738,14.29014740108617,29.62335143522109,18.62573289902277,13.443648208469094,5.1820846905537445,26.08880936890044,0.745283018867923,25.34352635003253,3.499211444813653,2.2803197776562323,4.7181031119710735,2.50948704540838,2.2225724820907287,3.739771488115135,5.0037989933228415,4.880323013712595,5.00727485870061,13527.951445649582,4407.858130209497,9120.093315440085,5852.123789892343,716994.2692179552,310563.71113611915,7675.827655757239,29504.78933950807,1287609.0953136764,740.0,0.0,740.0,740.0,0.0,124061.0,740.0,0.0,124061.0,731.0,0.0,731.0,0.0,0.0,0.0,731.0,0.0,124043.0,0.1605902777777778,0.0,0.27673896783844426,0.24119947848761408,0.0,0.6292517006802721,0.4805194805194805,0.0,0.4939919893190921,6.663189104711741,0,6.663189104711741,0,0,0,5.277341132550332,0,5.277341132550332,4870.791235544282,0.0,4870.791235544282,1013.0548676499893,0.0,179819.4702775422,3857.736367894293,0.0,664037.4621223736,12.37884348648686,6.18942174324343,6.18942174324343,7.4670106079894865,6.054938704849108,1.412071903140379,4.911832878497372,0.1344830383943218,4.77734984010305
56000.190135969206,7569.0,3111.0,4458.0,5050.0,328806.0,211856.0,2519.0,7315.0,265478.0,6440.0,3107.0,3333.0,3913.0,328795.0,85630.0,2527.0,7315.0,265457.0,42.05647040546857,13.09639583656986,28.960074568898413,18.530501089324584,12.692513368983958,5.837987720340645,24.38505747126442,0.30459770114942547,24.080459770114874,3.4442084036017526,2.2156544931837048,4.589458028464902,2.5257398396788275,2.1932827618179482,3.738300036960016,4.866435348845285,4.124087466079193,4.877163780711836,22180.702119195288,6884.03851032177,15296.663608873518,9883.219992663253,729712.3799194297,316461.22858360806,12297.482126532035,29870.462680538774,1310129.0423694314,1135.0,0.0,1135.0,1135.0,0.0,126218.0,1135.0,0.0,126218.0,1138.0,0.0,1138.0,0.0,0.0,0.0,1138.0,0.0,126206.0,0.1499537587528075,0.0,0.25459847465231045,0.22475247524752476,0.0,0.5746835443037974,0.45057562524811434,0.0,0.4571083366894885,7.055891181297599,0,7.055891181297599,0,0,0,5.464981917628396,0,5.464981917628396,8029.604164316668,0.0,8029.604164316668,1810.4547420555537,0.0,183140.8097303853,6219.1494222611145,0.0,675744.7643163889,12.127404457378008,5.850907709483458,6.27649674789455,7.368716403993811,5.78311476531178,1.5856016386820315,4.758688053384197,0.0677929441716783,4.690895109212518
57000.26193057787,10739.0,4416.0,6323.0,7181.0,334637.0,215632.0,3558.0,7422.0,270202.0,9103.0,4421.0,4682.0,5538.0,334626.0,87180.0,3565.0,7422.0,270187.0,42.26671795153583,13.57129512610592,28.695422825429905,18.59316251218489,13.035231861857687,5.557930650327247,24.197950301839125,0.4547241330899904,23.74322616874916,3.453698073027157,2.2754164405403046,4.566295915236549,2.532558572825237,2.2423607953809226,3.5985762312346044,4.884629504196366,4.3914638431695705,4.8942192282312025,31439.013558766208,10059.616083628687,21379.39747513752,14025.309376306162,742778.7736433935,322091.94150005735,17413.704182460046,30333.500174314897,1332886.0374734679,1643.0,0.0,1643.0,1643.0,0.0,128443.0,1643.0,0.0,128443.0,1650.0,0.0,1650.0,0.0,0.0,0.0,1650.0,0.0,128439.0,0.1529937610578266,0.0,0.2598450102799304,0.22879821751845147,0.0,0.5799505824214614,0.4617762788083193,0.0,0.4707736389684814,6.7898431780011785,0,6.7898431780011785,0,0,0,5.310015762202445,0,5.310015762202445,11203.241243701945,0.0,11203.241243701945,2441.71523606791,0.0,186457.27369529847,8761.526007634035,0.0,687411.3725904142,12.139873674354195,5.895900419017895,6.2439732553363,7.3855454694686955,5.805214775839153,1.580330693629542,4.7543282048855,0.09068564317874166,4.663642561706759
58000.34046541138,2729.0,1164.0,1565.0,1818.0,340552.0,219336.0,911.0,7529.0,274946.0,2295.0,1165.0,1130.0,1384.0,340542.0,88602.0,911.0,7529.0,274921.0,43.097104289135665,14.18680600914437,28.91029827999124,18.467932837875008,13.449766033581097,5.018166804293983,24.8205268935236,0.594950603732163,24.225576289791462,3.5199258476239073,2.285540541692577,4.792544326747801,2.5198960705136026,2.2437751428557533,3.7723805983696073,5.0391807450121195,3.813345776562205,5.082363567764332,8078.229820296867,2662.6547310718524,5415.575089225014,3487.536161590826,756132.1952461607,327428.3889019821,4590.693658706041,30741.298358180335,1356249.3779836216,431.0,0.0,431.0,431.0,0.0,130724.0,431.0,0.0,130724.0,429.0,0.0,429.0,0.0,0.0,0.0,429.0,0.0,130711.0,0.15793330890436058,0.0,0.27539936102236423,0.23707370737073707,0.0,0.6291970802919709,0.47310647639956094,0.0,0.48977272727272725,6.792606680154289,0,6.792606680154289,0,0,0,5.475561027694602,0,5.475561027694602,2914.02826578619,0.0,2914.02826578619,565.0125849052056,0.0,189686.31400844184,2349.0156808809843,0.0,699439.489702307,12.252710784796697,6.219785648927299,6.032925135869398,7.388998573489599,6.054280623076015,1.3347179504135835,4.8637122113070985,0.16550502585128438,4.698207185455814
59000.34108423037,6029.0,2458.0,3571.0,3971.0,346423.0,223133.0,2058.0,7645.0,279766.0,5096.0,2466.0,2630.0,3021.0,346413.0,90114.0,2075.0,7645.0,279751.0,44.10416666666647,13.619300314465393,30.48486635220124,18.63417705578641,13.090920538974993,5.543256516811489,26.18509557222355,0.4149528187757081,25.77014275344782,3.4904357263924823,2.215436863382542,4.6859289568801294,2.5105981203447976,2.192542750934474,3.79662500634113,4.9169848386190145,3.4756536895011694,4.948210131854458,17787.26046169609,5463.267305101348,12323.99315659474,7584.516921561633,769223.9018773652,333005.7204267154,10202.743540134456,31143.69437096492,1380119.9951428988,949.0,0.0,949.0,949.0,0.0,133009.0,949.0,0.0,133009.0,956.0,0.0,956.0,0.0,0.0,0.0,956.0,0.0,133003.0,0.1574058716205009,0.0,0.2657518902268272,0.23898262402417528,0.0,0.6102893890675242,0.4611273080660836,0.0,0.470734126984127,6.796085092404503,0,6.796085092404503,0,0,0,5.331961558662434,0,5.331961558662434,6497.057348338705,0.0,6497.057348338705,1399.7020982574177,0.0,192933.77993307105,5097.3552500812875,0.0,711892.2246324276,12.551075128034148,6.073577563919193,6.477497564114955,7.4405019548255815,5.965208783378867,1.4752931714467141,5.110573173208567,0.10836878054032624,5.002204392668241
60000.34301250112,9105.0,3785.0,5320.0,5974.0,352273.0,226859.0,3131.0,7789.0,284505.0,7663.0,3786.0,3877.0,4543.0,352256.0,91599.0,3120.0,7789.0,284468.0,43.76149181717391,14.230357957879635,29.531133859294595,18.628222296618574,13.223217274857678,5.405005021760983,25.8099504079347,0.8627419612861935,24.94720844664856,3.516335836661793,2.300643784057283,4.703493461413063,2.5706316654608994,2.241385784356954,3.9508303990486393,4.893365980817452,4.142663639148865,4.922873934287437,26945.68151633932,8710.237366440873,18235.444149898445,11678.379656188867,782259.0578951526,338660.1544192501,15267.301860150452,31730.429804260093,1403418.2494327135,1431.0,0.0,1431.0,1431.0,0.0,135258.0,1431.0,0.0,135258.0,1425.0,0.0,1425.0,0.0,0.0,0.0,1425.0,0.0,135241.0,0.157166392092257,0.0,0.26898496240601505,0.2395379979912956,0.0,0.620824295010846,0.4570424784413925,0.0,0.4746268656716418,6.810385263177297,0,6.810385263177297,0,0,0,5.387977220856568,0,5.387977220856568,9704.799000027648,0.0,9704.799000027648,2026.931460307038,0.0,196151.08097145704,7677.86753972061,0.0,723957.4037839419,12.266036259496833,6.060187038817044,6.205849220679788,7.2719043099170175,5.871306407390628,1.4005979025263902,4.994131949579814,0.18888063142641603,4.805251318153398
61000.42760221568,902.0,374.0,528.0,611.0,358104.0,230672.0,291.0,7897.0,289180.0,743.0,364.0,379.0,462.0,358086.0,93196.0,281.0,7894.0,289149.0,42.19199999999994,12.280666666666672,29.911333333333335,18.621510673234795,12.195402298850562,6.426108374384239,23.821678321678327,0.08741258741258742,23.73426573426574,3.520259725802231,2.0459038521420063,4.936263783882236,2.5201851668472437,2.049473392233693,4.246128340430262,5.164510424155271,0.7501607988597243,5.180275958531326,2615.5529762710576,744.7090021796903,1870.8439740913673,1164.3255470834265,795178.7283235417,344419.1181673905,1451.227429187631,32178.908979202068,1426606.909242136,145.0,0.0,145.0,145.0,0.0,137474.0,145.0,0.0,137474.0,138.0,0.0,138.0,0.0,0.0,0.0,138.0,0.0,137453.0,0.1607538802660754,0.0,0.2746212121212121,0.23731587561374795,0.0,0.6016597510373444,0.49828178694158076,0.0,0.5052264808362369,8.040135542664927,0,8.040135542664927,0,0,0,6.211790678169274,0,6.211790678169274,1109.53870488776,0.0,1109.53870488776,252.31159130040032,0.0,199422.56999941866,857.2271135873598,0.0,735854.3558251804,11.93086386231711,5.8449992542172655,6.085864608099845,7.418652899583452,5.828941563958426,1.5897113356250254,4.512210962733658,0.01605769025883864,4.496153272474819
62000.43115070942,4050.0,1696.0,2354.0,2717.0,363977.0,234411.0,1333.0,8028.0,293864.0,3438.0,1695.0,1743.0,2104.0,363962.0,94738.0,1334.0,8028.0,293834.0,41.74479848683255,14.062854648625075,27.68194383820744,18.54231052244298,13.31751287711553,5.224797645327453,23.894638170228745,0.63817022872141,23.256467941507328,3.378953892160651,2.2980207746557424,4.4301194883573345,2.475424315913153,2.2406944298481815,3.3631300668497714,4.804011034907829,5.375151024971274,4.790422900071324,11616.843481248317,3895.1452130414837,7721.698268206834,5208.292760681274,808343.5367328608,349888.7668231913,6408.550720567044,32788.613748723714,1449691.5743871783,615.0,0.0,615.0,615.0,0.0,139672.0,615.0,0.0,139672.0,611.0,0.0,611.0,0.0,0.0,0.0,611.0,0.0,139654.0,0.15185185185185185,0.0,0.26125743415463043,0.22635259477364741,0.0,0.5851569933396765,0.46136534133533386,0.0,0.47198772064466615,6.688944708640998,0,6.688944708640998,0,0,0,5.356258627382557,0,5.356258627382557,4086.9452169796496,0.0,4086.9452169796496,814.2711956489075,0.0,202465.32779967826,3272.674021330742,0.0,747624.1771423814,12.235870598264254,6.0325190994932845,6.20335149877097,7.4881535016719,5.922189841626445,1.5659636600454543,4.747717096592354,0.11032925786683882,4.637387838725516
63000.46055912858,7252.0,2928.0,4324.0,4829.0,369843.0,238248.0,2423.0,8152.0,298737.0,6118.0,2934.0,3184.0,3702.0,369833.0,96239.0,2416.0,8152.0,298706.0,42.49775418538161,13.23805634953043,29.25969783585139,18.654308202154176,12.74958574979289,5.90472245236121,24.42736102500508,0.346352552180203,24.08100847282496,3.438724254001437,2.2394894112506205,4.543798069526216,2.533956913728699,2.211667855090973,3.6882942103841176,4.825085468276966,4.252378999401117,4.834726991322014,21038.114985980792,6570.6619326093205,14467.453053371471,9380.708494623643,821505.5646022707,355467.8038500479,11657.40649135715,33294.8346020323,1473652.1744823775,1125.0,0.0,1125.0,1125.0,0.0,141999.0,1125.0,0.0,141999.0,1129.0,0.0,1129.0,0.0,0.0,0.0,1129.0,0.0,141988.0,0.1551296194153337,0.0,0.2601757631822387,0.23296748809277282,0.0,0.5798969072164949,0.4643004539826661,0.0,0.47189597315436244,6.530920910354,0,6.530920910354,0,0,0,5.056636193098627,0,5.056636193098627,7373.409707789666,0.0,7373.409707789666,1664.4674457813162,0.0,205751.87336899366,5708.94226200835,0.0,759741.4785486506,12.243551718077164,5.871621566008238,6.371930152068926,7.408569542386672,5.791572192238528,1.6169973501481447,4.834982175690492,0.08004937376971014,4.7549328019207815
64000.465067866906,10272.0,4269.0,6003.0,6783.0,375653.0,241954.0,3489.0,8305.0,303389.0,8664.0,4265.0,4399.0,5180.0,375636.0,97725.0,3484.0,8304.0,303362.0,42.777290560812254,14.014885760443129,28.762404800369122,18.638755804525644,13.201370973686142,5.4373848308395365,24.63674171805539,0.6856446292843824,23.951097088771014,3.5055837860633967,2.3247439574104285,4.65045349945392,2.59868582308776,2.2752332969949043,3.908258721128423,4.853956762014545,4.17760236611391,4.876214496359333,30372.37792245327,9915.032978355477,20457.344944097793,13461.192563594595,834588.1993414667,361078.04607283504,16911.185358858675,33905.610489143015,1496515.0800589481,1604.0,0.0,1604.0,1604.0,0.0,144227.0,1604.0,0.0,144227.0,1601.0,0.0,1601.0,0.0,0.0,0.0,1601.0,0.0,144213.0,0.15615264797507789,0.0,0.26719973346660003,0.23647353678313432,0.0,0.6110476190476191,0.4597305818286042,0.0,0.47483718176435763,6.799548120562978,0,6.799548120562978,0,0,0,5.27952157256848,0,5.27952157256848,10886.076541021328,0.0,10886.076541021328,2433.5625033391916,0.0,209101.48656072616,8452.514037682136,0.0,771546.0971728967,12.062285390750533,5.937863249255659,6.124422141494875,7.211754192530906,5.783325659415711,1.428428533115195,4.850531198219628,0.15453758983994798,4.6959936083796805
65000.48244011738,2172.0,908.0,1264.0,1513.0,381511.0,245821.0,659.0,8428.0,307968.0,1868.0,903.0,965.0,1200.0,381498.0,99363.0,668.0,8428.0,307949.0,40.197266148485696,12.224604663629021,27.972661484856623,18.394109861019153,11.522832561217742,6.871277299801445,22.26375282592313,0.5614167294649589,21.702336096458186,3.3615572705680212,2.0430031917244946,4.5953959578174555,2.382508388305766,1.9795891535766608,3.5545177583809795,5.120327717745726,7.705876798326062,5.08103365877034,6279.388981421063,1844.8318821272187,4434.557099293845,2859.010065966919,847213.3540347842,367133.9886541221,3420.3789154541446,34343.22127588414,1519295.09928673,309.0,0.0,309.0,309.0,0.0,146451.0,309.0,0.0,146451.0,311.0,0.0,311.0,0.0,0.0,0.0,311.0,0.0,146439.0,0.14226519337016574,0.0,0.2444620253164557,0.20423000660938534,0.0,0.5024390243902439,0.46889226100151743,0.0,0.4761171032357473,7.5412459511914305,0,7.5412459511914305,0,0,0,5.649013493801863,0,5.649013493801863,2345.327490820535,0.0,2345.327490820535,588.4842942481555,0.0,212540.54382227597,1756.8431965723794,0.0,783618.5706123011,11.997682604086325,5.799736290947512,6.1979463131388135,7.707290752089716,5.73550886801343,1.9717818840762857,4.290391851996609,0.06422742293408097,4.2261644290625275
66000.53623784511,5350.0,2232.0,3118.0,3603.0,387377.0,249606.0,1747.0,8562.0,312769.0,4567.0,2236.0,2331.0,2807.0,387365.0,100880.0,1760.0,8562.0,312757.0,42.02764067127349,13.484369858506081,28.54327081276731,18.49972260748966,12.793203883495165,5.706518723994439,24.300256629597996,0.5956658112346742,23.704590818363247,3.396653851825379,2.2078384975398366,4.537018987896796,2.4730140864058248,2.165661842980241,3.5684874483389635,4.869754318605316,4.309002742872425,4.884132564136928,15512.518141286506,4936.7268804990745,10575.791260787431,6941.75054054115,860367.4256020602,372632.0345015876,8570.767600745356,34891.53269821822,1542437.5142631906,800.0,0.0,800.0,800.0,0.0,148722.0,800.0,0.0,148722.0,809.0,0.0,809.0,0.0,0.0,0.0,809.0,0.0,148717.0,0.14953271028037382,0.0,0.25657472738935216,0.22203719122953094,0.0,0.5653710247349824,0.4579278763594734,0.0,0.4697592483852026,6.724712166056713,0,6.724712166056713,0,0,0,5.281427351236624,0,5.281427351236624,5440.29214233988,0.0,5440.29214233988,1167.617415189452,0.0,215602.99509403974,4272.674727150428,0.0,795515.4438160912,12.19504389145514,5.970684944447929,6.22435894700721,7.495399212462136,5.8531938274731035,1.6422053849890323,4.699644678993003,0.11749111697482507,4.582153562018178
67000.59936695638,8714.0,3585.0,5129.0,5788.0,393242.0,253428.0,2926.0,8697.0,317490.0,7338.0,3577.0,3761.0,4421.0,393227.0,102445.0,2917.0,8697.0,317462.0,43.53513550320024,13.69201961051343,29.843115892686768,18.587213822894295,13.033088552915714,5.554125269978386,25.632551771350176,0.58223515317474,25.050316618175557,3.4882340145210695,2.224346790503618,4.690287883255562,2.506989852286835,2.193826906910587,3.688960148280339,4.975405917585023,3.5251637802309523,5.0173529564785095,25596.66119855561,7956.48846963144,17640.172728924168,11083.402136960096,873300.653334389,378412.49949723046,14513.259061595512,35421.82653222308,1566130.4032312545,1366.0,0.0,1366.0,1366.0,0.0,150978.0,1366.0,0.0,150978.0,1362.0,0.0,1362.0,0.0,0.0,0.0,1362.0,0.0,150963.0,0.15675923800780353,0.0,0.2663287190485475,0.23600552868002764,0.0,0.5978118161925602,0.46684894053315107,0.0,0.480309423347398,6.9419188423397165,0,6.9419188423397165,0,0,0,5.509652386715065,0,5.509652386715065,9454.893463266693,0.0,9454.893463266693,1950.746912560775,0.0,218852.31727614254,7504.146550705918,0.0,807642.2957721604,12.36797486510838,6.0289242426400484,6.339050622468331,7.451460463156739,5.890715747281792,1.5607447158749468,4.916514401951641,0.13820849535825663,4.778305906593385
68000.61075735984,461.0,188.0,273.0,297.0,399191.0,257256.0,164.0,8803.0,322202.0,385.0,181.0,204.0,223.0,399173.0,103942.0,162.0,8801.0,322175.0,45.68134715025905,14.41968911917097,31.261658031088118,18.904040404040412,13.525252525252526,5.378787878787881,26.745398773006137,0.5490797546012269,26.196319018404914,3.666102549113566,2.320131945696972,4.860321564890054,2.616720858738236,2.298240566724026,3.8421776345320446,5.110621789568495,3.288825465249829,5.156743215500613,1411.449481408723,419.9438821711519,991.505599237571,583.5287514986267,886422.9616782209,383962.07951775356,827.9207299100963,35862.040321966946,1589736.631552797,74.0,0.0,74.0,74.0,0.0,153312.0,74.0,0.0,153312.0,72.0,0.0,72.0,0.0,0.0,0.0,72.0,0.0,153298.0,0.16052060737527116,0.0,0.27106227106227104,0.24915824915824916,0.0,0.6434782608695652,0.45121951219512196,0.0,0.46835443037974683,7.288271688246216,0,7.288271688246216,0,0,0,5.7979869919609985,0,5.7979869919609985,524.7555615537276,0.0,524.7555615537276,107.30049813253572,0.0,222189.39012805425,417.4550634211919,0.0,820373.9610586993,12.554171329608147,5.902090936776817,6.65208039283133,7.271636900006797,5.771657987897772,1.4999789121090255,5.28253442960135,0.1304329488790457,5.152101480722305
69000.63966989012,3623.0,1454.0,2169.0,2459.0,405082.0,261090.0,1164.0,8885.0,326928.0,3053.0,1450.0,1603.0,1886.0,405067.0,105490.0,1167.0,8885.0,326899.0,42.07732634338127,12.457404980340772,29.61992136304064,18.48098434004473,12.255033557046946,6.22595078299777,24.352638352638337,0.09223509223509216,24.260403260403233,3.4071032032282913,2.1084663662398717,4.581790298445514,2.4528975229202827,2.1079386712369343,3.569944051629733,4.949204242697789,2.19295619948793,4.970625859613928,10401.886079455973,3057.276231047814,7344.609848408159,4626.1647282276535,899337.5158163335,389729.8741987598,5775.72135122832,36177.2661572657,1612939.6564542796,572.0,0.0,572.0,572.0,0.0,155596.0,572.0,0.0,155596.0,575.0,0.0,575.0,0.0,0.0,0.0,575.0,0.0,155582.0,0.15788020977090808,0.0,0.2637159981558322,0.23261488409922731,0.0,0.5641025641025641,0.49140893470790376,0.0,0.49523809523809526,6.883980179620127,0,6.883980179620127,0,0,0,5.386637262787629,0,5.386637262787629,3958.288603281573,0.0,3958.288603281573,860.9721771786863,0.0,225535.7437915373,3097.316426102887,0.0,832424.3260919561,12.244467693729685,5.815420293451702,6.429047400277985,7.5640570161723515,5.77932458128545,1.7847324348869016,4.680410677557335,0.03609571216625194,4.644314965391083
70000.67060888704,6831.0,2759.0,4072.0,4552.0,410839.0,264927.0,2279.0,8982.0,331677.0,5753.0,2763.0,2990.0,3475.0,410829.0,107071.0,2278.0,8982.0,331652.0,43.45512207837341,13.28056303762273,30.17455904075058,18.617776312898254,12.639639639639618,5.978136673258622,25.32916392363394,0.5222734254992326,24.806890498134813,3.4739809943741555,2.2156981306998738,4.636735359702597,2.5187958068143543,2.1755283590012597,3.7409540560491656,4.931078679523545,4.395309943066677,4.943102214901841,19985.812660634518,6121.973935123751,13863.838725510766,8752.815428679882,911956.4486319039,395812.45237536146,11232.997231954636,36581.165337126666,1636427.5571535255,1075.0,0.0,1075.0,1075.0,0.0,157848.0,1075.0,0.0,157848.0,1071.0,0.0,1071.0,0.0,0.0,0.0,1071.0,0.0,157830.0,0.1573708095447226,0.0,0.2639980353634578,0.23615992970123023,0.0,0.583288117200217,0.4716981132075472,0.0,0.4822790489008524,6.990045035674248,0,6.990045035674248,0,0,0,5.468613955197064,0,5.468613955197064,7486.33823320712,0.0,7486.33823320712,1629.452687191064,0.0,229080.86367791827,5856.885546016056,0.0,844496.0725279755,12.289780440600994,5.902427143643411,6.387353296957582,7.423428998972441,5.795615215600643,1.6278137833717985,4.866351441628552,0.10681192804276894,4.759539513585784
71000.76730074172,9996.0,4163.0,5833.0,6705.0,416757.0,268713.0,3291.0,9100.0,336391.0,8465.0,4159.0,4306.0,5165.0,416741.0,108628.0,3300.0,9100.0,336371.0,42.730926068199174,13.487737131375207,29.24318893682398,18.60827740492166,12.885682326621907,5.72259507829974,24.658018510089498,0.5014413594295248,24.156577150660013,3.443105281472104,2.1958830637609412,4.647749313859639,2.485455621019172,2.1590893179354937,3.7141464723886286,4.941972098514344,4.120950713935972,4.961847848978998,29145.88620766136,9132.677662181755,20013.208545479603,12837.378282564023,924824.1148305672,401624.32138450356,16308.507925097336,37043.08389925307,1659612.659866704,1540.0,0.0,1540.0,1540.0,0.0,160081.0,1540.0,0.0,160081.0,1537.0,0.0,1537.0,0.0,0.0,0.0,1537.0,0.0,160067.0,0.15406162464985995,0.0,0.2640150865763758,0.2296793437733035,0.0,0.5877862595419847,0.4679428745062291,0.0,0.4793028322440087,6.965506592297223,0,6.965506592297223,0,0,0,5.442635403371256,0,5.442635403371256,10705.983632360832,0.0,10705.983632360832,2340.6530173792125,0.0,232463.7768301734,8365.33061498162,0.0,856421.7953616574,12.323250138555725,6.054624610307532,6.268625528248193,7.519147899071508,5.941073102828814,1.5780747962426942,4.804102239484217,0.11355150747871784,4.690550732005499
72000.78801482897,1801.0,782.0,1019.0,1211.0,422589.0,272534.0,590.0,9189.0,340960.0,1508.0,775.0,733.0,923.0,422573.0,110299.0,585.0,9189.0,340935.0,42.40350297422343,14.286516853932598,28.116986120290807,18.530409598676094,13.636326023996691,4.8940835746793585,24.577021276595733,0.5200000000000001,24.057021276595776,3.434481276030022,2.2368777264554183,4.700706038540687,2.4949476285370604,2.2131444684497117,3.770655347255838,4.916856586518916,3.18121157131406,4.975120288442755,5179.197764253273,1733.580238002949,3445.617526250324,2302.836661139707,937445.5448931442,407595.0743438428,2876.361103113566,37389.50245107302,1681890.4308650556,283.0,0.0,283.0,283.0,0.0,162231.0,283.0,0.0,162231.0,279.0,0.0,279.0,0.0,0.0,0.0,279.0,0.0,162218.0,0.15713492504164353,0.0,0.2777232580961727,0.2336911643270025,0.0,0.6316964285714286,0.47966101694915253,0.0,0.4956217162872154,6.828008378887752,0,6.828008378887752,0,0,0,5.513979424878965,0,5.513979424878965,1905.0143377096829,0.0,1905.0143377096829,366.61407816845167,0.0,235748.82049759,1538.4002595412312,0.0,867708.7370939218,12.131342096380516,6.234608836004576,5.896733260375941,7.425218007267385,6.081760361315432,1.3434576459519538,4.706124089113132,0.15284847468914445,4.553275614423987
73000.80796242396,5042.0,2091.0,2951.0,3334.0,428480.0,276253.0,1708.0,9337.0,345736.0,4247.0,2087.0,2160.0,2542.0,428463.0,111765.0,1705.0,9337.0,345706.0,43.19672902694432,14.1508412754441,29.04588775150008,18.65841584158407,13.297029702970281,5.361386138613862,25.184295341341937,0.7316144154702602,24.452680925871636,3.4494634655841843,2.301708227201494,4.558428827854867,2.535237125110289,2.2570121678493043,3.651978324372822,4.812491827745264,4.050871319157382,4.8364508516088875,14649.87133833603,4803.665070169518,9846.206268166512,6444.572772030355,950727.5860758313,413002.70927270525,8205.298566305675,37925.88337030642,1704827.4080678567,790.0,0.0,790.0,790.0,0.0,164485.0,790.0,0.0,164485.0,790.0,0.0,790.0,0.0,0.0,0.0,790.0,0.0,164468.0,0.15668385561285203,0.0,0.2677058624195188,0.23695260947810437,0.0,0.61003861003861,0.46252927400468385,0.0,0.47705314009661837,6.963498106340106,0,6.963498106340106,0,0,0,5.542430736056159,0,5.542430736056159,5501.163504008684,0.0,5501.163504008684,1122.6432225243188,0.0,239007.87893322535,4378.520281484365,0.0,879600.1950289214,12.379609024988266,6.083410415622913,6.296198609365352,7.40969299305867,5.931835263915969,1.4778577291427009,4.969916031929595,0.15157515170694366,4.818340880222652
74000.83771547361,8217.0,3418.0,4799.0,5459.0,434381.0,280037.0,2758.0,9454.0,350467.0,6921.0,3409.0,3512.0,4169.0,434362.0,113284.0,2752.0,9452.0,350441.0,43.15288510146612,14.07618978840178,29.07669531306421,18.640351680556833,13.3984797142595,5.241871966297304,25.09274047186938,0.5368421052631587,24.555898366606186,3.470278235464083,2.286297071188092,4.619535578578221,2.525797725420353,2.251086663393369,3.630930540008426,4.901070112779602,3.9658335229963995,4.925479718031215,24017.79566764692,7793.9867156802065,16223.808951966712,10530.050717277452,963834.788413314,418571.98063122027,13487.744950369466,38444.289000053155,1728140.6973910495,1291.0,0.0,1291.0,1291.0,0.0,166753.0,1291.0,0.0,166753.0,1287.0,0.0,1287.0,0.0,0.0,0.0,1287.0,0.0,166738.0,0.15711330169161494,0.0,0.2690143779954157,0.23649019967026927,0.0,0.6109796497870327,0.46809282088469906,0.0,0.4806403574087863,6.81732000983762,0,6.81732000983762,0,0,0,5.4054575676589005,0,5.4054575676589005,8773.890852661018,0.0,8773.890852661018,1817.066963084013,0.0,242305.5300275376,6956.823889577005,0.0,891790.6915525654,12.31889774671595,6.067782461863122,6.251115284852826,7.420529505282299,5.943187339442935,1.477342165839364,4.89836824143365,0.12459512242018732,4.7737731190134625
75000.8718042439,11135.0,4628.0,6507.0,7526.0,440235.0,283920.0,3609.0,9567.0,355014.0,9441.0,4627.0,4814.0,5826.0,440225.0,114959.0,3615.0,9564.0,355000.0,41.49488741721865,13.5283708609271,27.96651655629129,18.491596359529723,12.813193383378744,5.678402976150953,23.70542635658919,0.5523255813953504,23.153100775193806,3.3992073442488664,2.2448496383901997,4.5087239842588485,2.4893266804000715,2.203460700895666,3.4945112408899797,4.865587634036717,4.307928984271552,4.879988013471629,32091.91653705355,10386.919276831453,21704.997260222095,14502.817240010816,976593.99530248,424434.4890468637,17589.099297042732,38913.40090426141,1750256.1556955848,1701.0,0.0,1701.0,1701.0,0.0,168953.0,1701.0,0.0,168953.0,1704.0,0.0,1704.0,0.0,0.0,0.0,1704.0,0.0,168945.0,0.1527615626403233,0.0,0.26141078838174275,0.22601647621578527,0.0,0.5685160427807486,0.4713216957605985,0.0,0.48392603129445233,6.836272645026496,0,6.836272645026496,0,0,0,5.368632429112475,0,5.368632429112475,11649.00858712515,0.0,11649.00858712515,2500.858927917492,0.0,245547.22853862014,9148.149659207658,0.0,903486.8834330279,12.096046393596023,5.92822864772469,6.167817745871333,7.4644175711355185,5.8116371614608155,1.6527804096747027,4.631628822460504,0.11659148626387439,4.51503733619663
76000.90602722687,3178.0,1334.0,1844.0,2122.0,446098.0,287711.0,1056.0,9644.0,359793.0,2663.0,1337.0,1326.0,1617.0,446090.0,116492.0,1046.0,9644.0,359772.0,42.87680480029992,13.734295893493346,29.142508906806626,18.588650812338113,13.362137979750424,5.226512832587709,24.86441484300663,0.23453853472882966,24.629876308277833,3.438310700366107,2.2025967463607175,4.684275675106082,2.509661215229269,2.190934990511006,3.9320846708131385,4.873899818402691,3.165420463702503,4.900439303524247,9156.221395074943,2944.871849884279,6211.349545190664,4058.122185025728,989444.8654664098,430275.7142075532,5098.099210049215,39235.53862555004,1773785.82735906,508.0,0.0,508.0,508.0,0.0,171210.0,508.0,0.0,171210.0,502.0,0.0,502.0,0.0,0.0,0.0,502.0,0.0,171198.0,0.15984896161107615,0.0,0.2754880694143167,0.23939679547596607,0.0,0.6318407960199005,0.4810606060606061,0.0,0.48846153846153845,7.017548550429087,0,7.017548550429087,0,0,0,5.533320408329627,0,5.533320408329627,3522.8093723154016,0.0,3522.8093723154016,745.0825273339287,0.0,248913.93022906955,2777.726844981473,0.0,916014.9457002765,12.215722411479677,6.133090823938538,6.082631587541138,7.417507750417813,6.059695570996865,1.357812179420948,4.798214661061863,0.07339525294167286,4.72481940812019
77000.92899614733,6438.0,2636.0,3802.0,4196.0,451934.0,291436.0,2242.0,9807.0,364654.0,5419.0,2625.0,2794.0,3185.0,451917.0,117968.0,2234.0,9804.0,364633.0,43.65194948843202,14.302792884136762,29.34915660429534,18.634402193348446,13.415544164977907,5.21885802837048,25.747095621090196,0.753574620196605,24.993521000893637,3.474014666755557,2.3235799392009144,4.554863328112371,2.5657154332712944,2.274468480527141,3.7634276209607362,4.768971273133076,4.320779258601038,4.781977305797985,18825.685479148364,6099.3973404024,12726.288138745964,8171.803654969073,1002754.9998629246,435679.45261885406,10653.88182417929,39841.88502385046,1797579.820546012,1008.0,0.0,1008.0,1008.0,0.0,173465.0,1008.0,0.0,173465.0,1005.0,0.0,1005.0,0.0,0.0,0.0,1005.0,0.0,173453.0,0.1565703634669152,0.0,0.26512361914781696,0.2402287893231649,0.0,0.6199261992619927,0.4495985727029438,0.0,0.4632352941176471,6.540107527351605,0,6.540107527351605,0,0,0,5.1482102530358,0,5.1482102530358,6572.808064988363,0.0,6572.808064988363,1398.856760687384,0.0,252048.62841638696,5173.951304300979,0.0,928107.0133181324,12.407302944042108,6.010180887268968,6.397122056773141,7.2923528098863475,5.865936545974512,1.426416263911835,5.1149501341557615,0.1442443412944552,4.970705792861306
78000.98927242402,9520.0,3920.0,5600.0,6404.0,457945.0,295330.0,3116.0,9906.0,369411.0,8056.0,3918.0,4138.0,4935.0,457932.0,119543.0,3121.0,9906.0,369393.0,43.310901415445805,13.255463123913643,30.05543829153205,18.575388459436216,12.663465292418177,5.911923167018045,25.31216931216922,0.4667308000641328,24.845438512105204,3.494362010440651,2.194249662084763,4.725352870967082,2.480524087585948,2.1584845203410654,3.6259501383959987,5.097466832384888,4.281633389307844,5.1150920393384345,28150.580356109887,8597.070176048102,19553.510180061785,12241.386372236651,1015756.6972645244,441348.95332503837,15909.193983873236,40256.76921864451,1821545.2439424235,1468.0,0.0,1468.0,1468.0,0.0,175780.0,1468.0,0.0,175780.0,1469.0,0.0,1469.0,0.0,0.0,0.0,1469.0,0.0,175770.0,0.15420168067226891,0.0,0.2621428571428571,0.2292317301686446,0.0,0.5756862745098039,0.4711168164313222,0.0,0.48131147540983604,7.190359852546037,0,7.190359852546037,0,0,0,5.6137449425429855,0,5.6137449425429855,10562.638623390128,0.0,10562.638623390128,2316.0473027944827,0.0,255438.18228226388,8246.591320595646,0.0,940668.4079656613,12.289661546054608,5.977022584091603,6.312638961963005,7.528485567251675,5.876337670730182,1.6521478965214922,4.7611759788029335,0.10068491336142057,4.660491065441513
79001.02619735128,1348.0,550.0,798.0,905.0,463816.0,299149.0,443.0,10044.0,374218.0,1131.0,553.0,578.0,686.0,463807.0,121090.0,445.0,10044.0,374205.0,45.22838137472284,13.283813747228388,31.94456762749441,18.656198347107427,12.791735537190105,5.8644628099173675,27.123873873873883,0.3434684684684685,26.780405405405414,3.692237650255233,2.2134122204986895,5.107100042392549,2.552385006139395,2.1653865899740907,4.117452130337316,5.4494037488248175,11.018111150008432,5.411607092255697,4175.9207824386685,1224.0169579357753,2951.9038245028933,1750.936114211625,1028806.5843958043,447000.7267802657,2424.9846682270436,40815.51721859877,1845371.9289914002,224.0,0.0,224.0,224.0,0.0,178054.0,224.0,0.0,178054.0,225.0,0.0,225.0,0.0,0.0,0.0,225.0,0.0,178047.0,0.1661721068249258,0.0,0.2807017543859649,0.24751381215469614,0.0,0.6256983240223464,0.5056433408577878,0.0,0.509090909090909,7.126791123691558,0,7.126791123691558,0,0,0,5.629812514961814,0,5.629812514961814,1603.5280028306006,0.0,1603.5280028306006,336.82018696419254,0.0,258686.55923532494,1266.707815866408,0.0,953047.651242847,12.16020464176175,5.945705717855215,6.214498923906535,7.375685574048241,5.9134505331290566,1.4622350409191849,4.784519067713509,0.03225518472615849,4.752263882987351
80001.09682438792,4539.0,1905.0,2634.0,3005.0,469638.0,302820.0,1534.0,10168.0,378910.0,3819.0,1901.0,1918.0,2307.0,469624.0,122573.0,1512.0,10168.0,378876.0,42.99947787495107,13.816473045294313,29.18300482965664,18.654518222666045,13.10900316192378,5.545515060742226,24.697636244254802,0.5971766250820755,24.100459619172714,3.4563545764026107,2.2250001591312434,4.676795007702334,2.5298518166142996,2.1730969180872677,4.039386149157252,4.870006604730411,4.992184381647219,4.8671113967466,13199.818127281571,4229.725302508494,8970.092824773077,5836.368140929189,1041869.4468409433,452615.60315615893,7363.4499863523815,41388.71037573793,1868545.8290697723,697.0,0.0,697.0,697.0,0.0,180242.0,697.0,0.0,180242.0,689.0,0.0,689.0,0.0,0.0,0.0,689.0,0.0,180227.0,0.15355805243445692,0.0,0.26461655277145024,0.23194675540765392,0.0,0.6140969162995594,0.45436766623207303,0.0,0.46497665110073383,6.9540917817572065,0,6.9540917817572065,0,0,0,5.455894945178395,0,5.455894945178395,4791.369237630715,0.0,4791.369237630715,1032.257620402801,0.0,261913.1719195999,3759.1116172279144,0.0,964788.0656100615,12.248401795892057,6.09693946425525,6.151462331636807,7.399073826426545,5.9846865019991045,1.414387324427441,4.849327969465512,0.11225296225614612,4.737075007209366
81001.14208323261,7658.0,3130.0,4528.0,5081.0,475414.0,306552.0,2577.0,10310.0,383538.0,6466.0,3132.0,3334.0,3892.0,475399.0,124112.0,2574.0,10310.0,383515.0,43.12615955473108,13.629715522572663,29.496444032158372,18.56923531148507,12.883082373782042,5.68615293770301,25.185789167152002,0.5542613084837905,24.631527858668175,3.497174287446603,2.278183991277221,4.642308542876268,2.549011612431874,2.2381395066808842,3.68367622780735,4.930837508564445,3.8669619190929208,4.963644244803655,22612.728942629736,7135.272260680256,15477.45668194948,9920.753195584854,1054830.1513073682,458345.6833420541,12691.975747044882,41967.21436091964,1891325.844110763,1188.0,0.0,1188.0,1188.0,0.0,182435.0,1188.0,0.0,182435.0,1187.0,0.0,1187.0,0.0,0.0,0.0,1187.0,0.0,182423.0,0.15513188822146776,0.0,0.2623674911660777,0.23381224168470774,0.0,0.5857988165680473,0.4610011641443539,0.0,0.4752,6.7914427024426915,0,6.7914427024426915,0,0,0,5.334195749868494,0,5.334195749868494,8061.442487799475,0.0,8061.442487799475,1729.7521327055729,0.0,265122.11259814404,6331.690355093902,0.0,976409.2908148692,12.186448027856917,5.902869660261037,6.28357836759588,7.335239054194111,5.757748024296765,1.5774910298973461,4.851208973662806,0.14512163596427197,4.706087337698534
82001.1465696315,10917.0,4510.0,6407.0,7264.0,481285.0,310335.0,3653.0,10412.0,388220.0,9170.0,4516.0,4654.0,5524.0,481279.0,125613.0,3646.0,10412.0,388198.0,43.671391190580145,13.761556912341874,29.909834278238346,18.58502511871162,13.194136673319113,5.390888445392593,25.76174818468288,0.4408823126455668,25.320865872037274,3.5172426422005447,2.244495483198783,4.752250414020905,2.5341721284449723,2.2195921304061463,3.8036759126909914,5.006678055800594,3.483227424917898,5.044796443809748,32253.115028978995,10136.141602125703,22116.973426853292,13998.766837530027,1067793.0517838944,464045.6392466548,18254.348191448968,42321.3583128571,1914878.2313609105,1743.0,0.0,1743.0,1743.0,0.0,184712.0,1743.0,0.0,184712.0,1740.0,0.0,1740.0,0.0,0.0,0.0,1740.0,0.0,184703.0,0.15965924704589174,0.0,0.2720461994693304,0.23995044052863437,0.0,0.6130847696095674,0.4771420750068437,0.0,0.4890572390572391,6.842857967869166,0,6.842857967869166,0,0,0,5.414544491469225,0,5.414544491469225,11906.572864092348,0.0,11906.572864092348,2485.2654489358974,0.0,268473.22544742055,9421.30741515645,0.0,988754.0514681869,12.238644236935556,6.027231992802723,6.211412244132833,7.3725486112139595,5.908449077089826,1.4640995341241336,4.866095625721596,0.11878291571289688,4.747312710008699
83001.17011820746,2700.0,1078.0,1622.0,1794.0,487235.0,314070.0,906.0,10551.0,393066.0,2275.0,1077.0,1198.0,1371.0,487224.0,127029.0,904.0,10551.0,393042.0,41.66351648351651,12.657142857142867,29.00637362637366,18.548467966573774,12.36072423398331,6.187743732590521,23.459116022099433,0.20662983425414339,23.25248618784528,3.387303933720034,2.1524554518784553,4.497430657378949,2.5360430548393222,2.1356044472090603,3.941529878331063,4.678320156004831,3.9504576501029076,4.686461794773309,7706.116449213077,2318.1945216730965,5387.921927539981,3476.9150281847105,1081143.9936074128,469401.0885788998,4229.201421028367,42810.07594812297,1938540.1876499006,425.0,0.0,425.0,425.0,0.0,187036.0,425.0,0.0,187036.0,425.0,0.0,425.0,0.0,0.0,0.0,425.0,0.0,187024.0,0.1574074074074074,0.0,0.26202219482120837,0.23690078037904125,0.0,0.5853994490358126,0.46909492273730685,0.0,0.47433035714285715,6.791905638371074,0,6.791905638371074,0,0,0,5.166724735018249,0,5.166724735018249,2886.5598963077064,0.0,2886.5598963077064,690.7018839249504,0.0,271759.24843409035,2195.858012382756,0.0,1001283.3176051106,12.18644005259081,5.769141071050682,6.417298981540127,7.344004093231648,5.715574301588744,1.6284297916429038,4.842435959359161,0.05356676946193763,4.788869189897223
84001.17537832592,5896.0,2437.0,3459.0,3858.0,493047.0,317912.0,2038.0,10723.0,397776.0,5002.0,2445.0,2557.0,2945.0,493034.0,128642.0,2057.0,10723.0,397753.0,44.01411411411393,14.5347347347347,29.479379379379434,18.63480741797423,13.263000907794016,5.371806510180257,26.02344322344329,1.1838827838827823,24.839560439560323,3.5533477626233303,2.3756327378707973,4.679477303303793,2.580406569301453,2.29923607167438,3.6770182938236817,4.946304405468702,4.148640515736164,4.987492571554073,17773.845508641898,5808.422044094099,11965.423464547799,7599.297346592779,1094082.213879779,475164.51871136075,10174.54816204912,43537.32060027663,1961961.04648187,908.0,0.0,908.0,908.0,0.0,189263.0,908.0,0.0,189263.0,913.0,0.0,913.0,0.0,0.0,0.0,913.0,0.0,189253.0,0.15400271370420623,0.0,0.2625036137612027,0.23535510627268014,0.0,0.5989445910290238,0.44553483807654565,0.0,0.46731857951621203,7.042780136112153,0,7.042780136112153,0,0,0,5.660702656702936,0,5.660702656702936,6430.058264270396,0.0,6430.058264270396,1261.8367387006147,0.0,274936.39441440237,5168.221525569781,0.0,1013588.3493432084,12.337669584313995,6.030708143472155,6.30696144084184,7.263981792443965,5.781586866379849,1.4823949260641165,5.07368779187003,0.24912127709230578,4.8245665147777235
85001.17914787115,9143.0,3824.0,5319.0,6089.0,498997.0,321673.0,3054.0,10881.0,402447.0,7713.0,3827.0,3886.0,4663.0,498988.0,130152.0,3050.0,10881.0,402421.0,43.64143607024835,14.256237444106,29.385198626142117,18.59160712819248,13.32602447236594,5.265582655826543,25.794888597640906,0.8235583224115313,24.971330275229363,3.478709574629394,2.276869962809958,4.662302007576637,2.4991076390918425,2.2291024897244633,3.560005250295383,4.976376402633199,3.8909763033443596,5.01698661042972,26831.28694911652,8713.58134767371,18117.70560144281,11653.338921085262,1107267.8295825943,480658.7209545751,15177.948028031256,44135.04134657405,1985033.3972149706,1425.0,0.0,1425.0,1425.0,0.0,191510.0,1425.0,0.0,191510.0,1429.0,0.0,1429.0,0.0,0.0,0.0,1429.0,0.0,191500.0,0.15585693973531664,0.0,0.2679075014100395,0.23402857612087372,0.0,0.6,0.46660117878192536,0.0,0.48403532608695654,6.795151668074771,0,6.795151668074771,0,0,0,5.420275644244236,0,5.420275644244236,9710.271733678848,0.0,9710.271733678848,1964.6978380538349,0.0,278100.93614633987,7745.573895625013,0.0,1025682.0454830951,12.357549045905692,6.131510462683921,6.22603858322177,7.470925865559217,5.9552715938845395,1.515654271674677,4.886623180346475,0.17623886879938105,4.710384311547093
86001.23935074003,907.0,379.0,528.0,594.0,504854.0,325337.0,313.0,11011.0,407024.0,752.0,373.0,379.0,449.0,504836.0,131661.0,303.0,11003.0,406999.0,42.87243886318575,14.64705882352939,28.22538003965635,18.779646761984857,13.893187552565182,4.886459209419685,24.334415584415556,0.7288961038961036,23.60551948051948,3.4421651938287625,2.356667996649532,4.510477738809905,2.5790363450490306,2.319569446490352,3.706481797119479,4.7211911116574745,4.049289347662125,4.739412176443789,2588.5082257592294,879.0371627502755,1709.471063008954,1157.9873189270147,1120153.4460618603,486408.13351425354,1430.5209068322147,44613.04168094643,2007516.2729702096,146.0,0.0,146.0,146.0,0.0,193675.0,146.0,0.0,193675.0,144.0,0.0,144.0,0.0,0.0,0.0,144.0,0.0,193660.0,0.1609702315325248,0.0,0.2765151515151515,0.24579124579124578,0.0,0.6375545851528385,0.46645367412140576,0.0,0.4882943143812709,6.71548578753128,0,6.71548578753128,0,0,0,5.246623902128704,0,5.246623902128704,967.0299534045043,0.0,967.0299534045043,211.516111497971,0.0,281459.79496032756,755.5138419065333,0.0,1037250.9476850596,12.197899040993486,6.050287689216184,6.147611351777302,7.283054081657014,5.920522805801359,1.3625312758556554,4.914844959336471,0.1297648834148243,4.7850800759216465
87001.24306032687,3986.0,1593.0,2393.0,2678.0,510543.0,329200.0,1308.0,11115.0,411631.0,3412.0,1593.0,1819.0,2083.0,510527.0,133366.0,1329.0,11115.0,411616.0,42.22486772486769,12.624632569076992,29.600235155790696,18.56227824463118,12.121195144724545,6.441083099906641,24.78612059158132,0.37921880925293966,24.406901782328408,3.457174310957124,2.186761926218657,4.56974546482649,2.516400349956202,2.164671494763886,3.5956308802435615,4.931690609501081,3.7642195541934185,4.95134199681307,11795.878748985706,3483.5117484663206,8312.367000519385,5241.661928958769,1132750.5926722048,492472.5017978754,6554.216820026937,45091.86205581189,2030212.8225819743,594.0,0.0,594.0,594.0,0.0,195830.0,594.0,0.0,195830.0,601.0,0.0,601.0,0.0,0.0,0.0,601.0,0.0,195821.0,0.14902157551430004,0.0,0.248223986627664,0.22180731889469754,0.0,0.5365853658536586,0.4541284403669725,0.0,0.4618973561430793,7.043314556201798,0,7.043314556201798,0,0,0,5.423417533689184,0,5.423417533689184,4233.03204827728,0.0,4233.03204827728,973.5581105300807,0.0,284727.68693940825,3259.4739377471997,0.0,1048627.1887128686,12.169004232268614,5.681484097890944,6.48752013437767,7.429084353990482,5.60302041292321,1.8260639410672717,4.739919878278132,0.07846368496773433,4.661456193310398
88001.42449283593,7464.0,3075.0,4389.0,4825.0,516442.0,333015.0,2639.0,11262.0,416565.0,6269.0,3078.0,3191.0,3624.0,516433.0,134806.0,2645.0,11262.0,416540.0,45.35575772085248,14.57768733540822,30.778070385444053,18.69526473940525,13.5082374883432,5.187027251062039,27.379636638909936,0.9364118092354293,26.443224829674495,3.5574155019705347,2.313426542802601,4.757352204044775,2.5852661272065895,2.257807038754765,4.080712932071837,4.889388785200983,3.8882530716999013,4.9307743166646105,22301.43778185328,7120.726898746405,15180.710883106876,9369.00444499668,1145834.3841269931,498101.64769412077,12932.4333368566,45653.06699198242,2054576.282320623,1202.0,0.0,1202.0,1202.0,0.0,198201.0,1202.0,0.0,198201.0,1203.0,0.0,1203.0,0.0,0.0,0.0,1203.0,0.0,198183.0,0.1610396570203644,0.0,0.2738664843928002,0.24911917098445596,0.0,0.647978436657682,0.4554755589238348,0.0,0.47434885556432516,6.783905583040845,0,6.783905583040845,0,0,0,5.371822951129202,0,5.371822951129202,8161.038416398136,0.0,8161.038416398136,1698.7354061897058,0.0,288161.6180808755,6462.30301020843,0.0,1061252.4701661803,12.555466827972992,6.164575992423173,6.390890835549819,7.2580972698315716,5.954283439075404,1.3038138307561682,5.297369558141421,0.21029255334776906,5.0870770047936515
89001.4572544772,10559.0,4428.0,6131.0,6998.0,522409.0,336773.0,3561.0,11407.0,421350.0,8942.0,4430.0,4512.0,5375.0,522393.0,136295.0,3567.0,11407.0,421328.0,43.10427388677541,14.114622958156225,28.98965092861931,18.594156308043974,13.184669238462632,5.409487069581356,25.223063973063976,0.7683782267115583,24.45468574635244,3.4237097126076383,2.244538981826008,4.581450478867085,2.4940384681507224,2.192233531908611,3.7068941596409632,4.8246020420037485,4.03122673138534,4.853653273953158,30614.812250137504,9943.307689489215,20671.50456064829,13405.456766310133,1158971.8727766902,503662.94134567946,17209.35548382737,46225.53206008957,2077801.0571267481,1625.0,0.0,1625.0,1625.0,0.0,200477.0,1625.0,0.0,200477.0,1631.0,0.0,1631.0,0.0,0.0,0.0,1631.0,0.0,200466.0,0.15389714935126433,0.0,0.26504648507584405,0.23220920262932265,0.0,0.6029684601113172,0.4563324908733502,0.0,0.4729336437718277,6.592699690165575,0,6.592699690165575,0,0,0,5.164995704856303,0,5.164995704856303,10752.693194660053,0.0,10752.693194660053,2328.5852000394225,0.0,291450.26188823394,8424.10799462063,0.0,1073233.866026747,12.453663162148683,6.169730240250353,6.283932921898328,7.485846510461772,5.9942480708888315,1.4915984395729411,4.96781665168691,0.17548216936152247,4.792334482325388
90001.47143108328,2195.0,894.0,1301.0,1490.0,528330.0,340535.0,705.0,11563.0,426122.0,1872.0,899.0,973.0,1164.0,528319.0,137749.0,708.0,11563.0,426102.0,40.17022982362381,12.448156066274754,27.722073757348994,18.389056730446413,12.274253105068814,6.114803625377654,22.56050955414011,0.08634111818825196,22.474168435951874,3.3137744156206552,2.1281113557882247,4.409263717562438,2.4562417254375033,2.126169030076182,3.559768348735055,4.723616296091261,2.708219301784993,4.732192453513841,6203.385706041867,1913.1721088536142,4290.213597188253,2859.065368409254,1172137.1392738954,509150.1461830528,3344.320337632613,46865.52134151493,2100565.882095244,325.0,0.0,325.0,325.0,0.0,202777.0,325.0,0.0,202777.0,326.0,0.0,326.0,0.0,0.0,0.0,326.0,0.0,202766.0,0.1480637813211845,0.0,0.24980784012298232,0.2181208053691275,0.0,0.5425709515859767,0.46099290780141844,0.0,0.46296296296296297,6.659180596889044,0,6.659180596889044,0,0,0,5.080698132542942,0,5.080698132542942,2170.8928745858284,0.0,2170.8928745858284,514.5852833768295,0.0,294610.0228063193,1656.307591208999,0.0,1084987.2979742878,12.040009109074743,5.7820342890268135,6.25797482004793,7.486415920386219,5.7627394026340655,1.7236765177521534,4.553593188688525,0.019294886392747988,4.534298302295777
91001.47199728522,5497.0,2326.0,3171.0,3653.0,534248.0,344273.0,1844.0,11689.0,430986.0,4630.0,2319.0,2311.0,2788.0,534233.0,139177.0,1842.0,11689.0,430958.0,43.82419598532257,14.316533563565695,29.507662421756933,18.64516570802506,13.597781429745257,5.047384278279911,25.826098752034774,0.5640260444926755,25.262072707542004,3.5095510357537365,2.2718567331258535,4.751529870800928,2.5140149035936363,2.231853477143707,3.756400099125109,5.016366853594322,4.205631149964942,5.037595030792417,16249.221295539799,5268.435764118854,10980.785531420945,7009.073551219059,1185460.4575969954,514607.2309353712,9240.14774432074,47385.896309650496,2124375.4027131284,861.0,0.0,861.0,861.0,0.0,205091.0,861.0,0.0,205091.0,858.0,0.0,858.0,0.0,0.0,0.0,858.0,0.0,205077.0,0.15663088957613244,0.0,0.271523178807947,0.23569668765398302,0.0,0.6266375545851528,0.46691973969631234,0.0,0.4791318864774624,6.885458972354516,0,6.885458972354516,0,0,0,5.517182137836988,0,5.517182137836988,5907.723798280174,0.0,5907.723798280174,1173.9815240160387,0.0,297866.8041071733,4733.742274264136,0.0,1097366.06988151,12.373793868582524,6.197587036985502,6.176206831597023,7.451001577885114,6.071978330328185,1.3790232475569293,4.92279229069741,0.12560870665731722,4.797183584040093
92001.48158681153,8752.0,3595.0,5157.0,5788.0,540125.0,348071.0,2964.0,11829.0,435813.0,7369.0,3598.0,3771.0,4409.0,540113.0,140681.0,2960.0,11829.0,435786.0,42.92897361101707,13.797367885489532,29.13160572552731,18.605079036019557,12.99507644467477,5.6100025913449025,25.148210668467165,0.7022282241728548,24.445982444294366,3.410163808346455,2.238734020401547,4.527852585070342,2.5179070900564797,2.1897457465741903,3.808161141891207,4.7392043052858135,4.31335790598178,4.751489759280334,25129.497103705027,8054.965005404767,17074.53209830026,11101.452360059018,1198569.3637771083,520189.361764696,14028.044743646009,48009.749918801135,2147802.112435003,1380.0,0.0,1380.0,1380.0,0.0,207383.0,1380.0,0.0,207383.0,1379.0,0.0,1379.0,0.0,0.0,0.0,1379.0,0.0,207372.0,0.1576782449725777,0.0,0.2675974403723095,0.23842432619212164,0.0,0.6065934065934065,0.46558704453441296,0.0,0.47883414295628035,6.643997501049892,0,6.643997501049892,0,0,0,5.1965235249843476,0,5.1965235249843476,9162.0725539478,0.0,9162.0725539478,1996.0666129943857,0.0,301175.27269430517,7166.005940953415,0.0,1109488.2232565067,12.429056870918698,6.068631649011464,6.360425221907234,7.436519438713603,5.928638200743551,1.5078812379700524,4.992537432205095,0.13999344826791313,4.852543983937182
93001.60215524971,426.0,179.0,247.0,279.0,546035.0,351831.0,147.0,11971.0,440687.0,360.0,175.0,185.0,218.0,546021.0,142184.0,142.0,11971.0,440664.0,40.08839779005523,13.265193370165756,26.823204419889507,18.728085867620756,13.381037567084066,5.34704830053667,21.26989619377163,0.0,21.26989619377163,3.3359217949963043,2.207189897359016,4.403641157626171,2.612571518231929,2.207189897359016,4.262380440389131,4.446417290310627,0,4.446417290310627,1200.9318461986695,386.25823203782784,814.6736141608417,569.5405909745605,1211735.5736431156,525696.9796317368,631.391255224109,48536.22544885935,2171517.6781408903,62.0,0.0,62.0,62.0,0.0,209643.0,62.0,0.0,209643.0,66.0,0.0,66.0,0.0,0.0,0.0,66.0,0.0,209635.0,0.14553990610328638,0.0,0.25101214574898784,0.2222222222222222,0.0,0.62,0.4217687074829932,0,0.4217687074829932,6.923948698579449,0,6.923948698579449,0,0,0,5.253869436519215,0,5.253869436519215,456.9806141062436,0.0,456.9806141062436,110.22523129597539,0.0,304484.27680692216,346.7553828102682,0.0,1121507.913160005,11.814138248968856,5.742983871026527,6.071154377942329,7.154117050764474,5.742983871026527,1.4111331797379467,4.660021198204382,0.0,4.660021198204382
94001.64089426199,3492.0,1495.0,1997.0,2447.0,551995.0,355622.0,1045.0,12061.0,445325.0,2978.0,1492.0,1486.0,1933.0,551980.0,143762.0,1045.0,12061.0,445309.0,38.80167785234894,12.598154362416105,26.203523489932905,18.39488752556238,12.444376278118611,5.950511247443755,21.108612440191422,0.07129186602870825,21.037320574162674,3.219332443003897,2.0748864658043065,4.36839933262825,2.3770667960339953,2.0677079232545155,3.4175740656534654,4.777322390939609,7.422900665398629,4.772249374114185,9587.172015265605,3095.730606980025,6491.44140828558,4594.870116733713,1224619.7732594027,531456.6136898843,4992.301898531892,48949.11870501655,2194617.5201157234,510.0,0.0,510.0,510.0,0.0,211855.0,510.0,0.0,211855.0,514.0,0.0,514.0,0.0,0.0,0.0,514.0,0.0,211848.0,0.14604810996563575,0.0,0.2553830746119179,0.20841847159787494,0.0,0.5345911949685535,0.4880382775119617,0.0,0.48897411313518696,6.634198691061476,0,6.634198691061476,0,0,0,5.014012805373008,0,5.014012805373008,3409.978127205599,0.0,3409.978127205599,832.7755452438723,0.0,307735.90693621535,2577.2025819617265,0.0,1133623.162638455,11.95099574469957,5.9875371561758755,5.963458588523694,7.7573118786112385,5.979510966958482,1.7778009116527567,4.193683866088331,0.008026189217393936,4.185657676870937
95001.68615238034,6915.0,2859.0,4056.0,4567.0,557873.0,359363.0,2348.0,12170.0,450049.0,5848.0,2862.0,2986.0,3494.0,557861.0,145266.0,2354.0,12169.0,450030.0,43.771704730134246,13.831323240099252,29.940381490035126,18.668783532245644,13.04981933647211,5.618964195773545,25.607613781369658,0.6958740961293038,24.911739685240327,3.4701946953320206,2.229802670229801,4.659076803785656,2.514500732063891,2.1828203883809416,3.8336624408428004,4.888714112349373,4.103724540544292,4.912772461747952,20293.698578301657,6381.695242197689,13912.003336103968,8785.665557831235,1237483.8670793737,537304.2172594566,11508.033020470422,49408.80244281381,2217747.211869879,1072.0,0.0,1072.0,1072.0,0.0,214089.0,1072.0,0.0,214089.0,1075.0,0.0,1075.0,0.0,0.0,0.0,1075.0,0.0,214080.0,0.15502530730296457,0.0,0.26429980276134124,0.23472739216115612,0.0,0.6025857223159078,0.4565587734241908,0.0,0.4707949055775143,6.879579068241536,0,6.879579068241536,0,0,0,5.390190945205043,0,5.390190945205043,7395.5474983596505,0.0,7395.5474983596505,1601.092232264229,0.0,311155.9629306489,5794.455266095421,0.0,1145535.4645856877,12.496911494133482,6.115964551335503,6.380946942797978,7.466519965886181,5.966377717445397,1.5001422484407838,5.030391528247301,0.14958683389010666,4.880804694357194
96001.74851236407,10157.0,4239.0,5918.0,6643.0,563801.0,363074.0,3514.0,12317.0,454932.0,8580.0,4245.0,4335.0,5057.0,563790.0,146694.0,3523.0,12317.0,454918.0,44.7771168649404,14.549451831117354,30.22766503382315,18.65956806381217,13.572879825419559,5.086688238392638,26.511297427881235,0.8347307091089962,25.676566718772275,3.543055348859024,2.323022375793682,4.737758917639273,2.549424402702923,2.259292879641765,3.8335365621742508,4.969337408101546,4.513723806015817,4.985403712024639,30399.41489321043,9861.22998524418,20538.18490796625,12892.439204468683,1250811.6732524692,542727.3537725587,17506.975688741746,50037.03051880445,2241845.9837261983,1589.0,0.0,1589.0,1589.0,0.0,216374.0,1589.0,0.0,216374.0,1589.0,0.0,1589.0,0.0,0.0,0.0,1589.0,0.0,216364.0,0.15644383184011026,0.0,0.26850287259209193,0.23919915700737618,0.0,0.6300555114988104,0.45219123505976094,0.0,0.46790341578327443,6.8286179295537845,0,6.8286179295537845,0,0,0,5.472093136589455,0,5.472093136589455,10850.673890060963,0.0,10850.673890060963,2155.5178960203193,0.0,314378.41883774265,8695.155994040644,0.0,1157818.1783786835,12.493343633923542,6.181147287413221,6.312196346510322,7.363501020600391,6.006415208617088,1.3570858119833034,5.129842613323151,0.17473207879613348,4.9551105345270186
97001.80099957217,1870.0,794.0,1076.0,1195.0,569653.0,366818.0,675.0,12447.0,459755.0,1560.0,788.0,772.0,890.0,569638.0,148166.0,670.0,12445.0,459728.0,44.525743524144495,14.836904381196058,29.68883914294855,18.73534338358463,13.984505862646577,4.7508375209380205,26.079553903345744,0.6736059479553904,25.405947955390317,3.4994367180244295,2.273268232977986,4.751018021413804,2.6167666881113365,2.261208193006893,4.7529173319277955,4.67193869805824,2.641340652895742,4.750644048645934,5459.12128011811,1791.3353675866529,3667.785912531457,2328.9223524190893,1263895.658484816,548318.6365001702,3130.1989276990207,50422.756466649276,2265193.7223648904,303.0,0.0,303.0,303.0,0.0,218647.0,303.0,0.0,218647.0,302.0,0.0,302.0,0.0,0.0,0.0,302.0,0.0,218635.0,0.1620320855614973,0.0,0.2815985130111524,0.2535564853556485,0.0,0.7079439252336449,0.4488888888888889,0.0,0.4675925925925926,6.451406212503534,0,6.451406212503534,0,0,0,4.97561673666896,0,4.97561673666896,1948.3246761760674,0.0,1948.3246761760674,445.6884217020415,0.0,317741.6655741335,1502.636254474026,0.0,1169697.8499798814,12.550423912640825,6.339573104590366,6.21085080805046,7.160177745032266,6.138444516246763,1.0217332287855032,5.39024616760856,0.20112858834360298,5.189117579264957
98001.92711593109,4879.0,2060.0,2819.0,3255.0,575502.0,370521.0,1624.0,12573.0,464572.0,4125.0,2058.0,2067.0,2505.0,575490.0,149622.0,1620.0,12571.0,464547.0,43.57217243884724,14.05085977234191,29.521312666505256,18.56947433138638,13.1102059637258,5.4592683676605995,25.844636251541267,0.8298397040690502,25.014796547472294,3.557338828725035,2.286843435386691,4.8223023117875945,2.555891165833988,2.2395638292600117,3.8243637854956325,5.105873640788042,4.075439855839369,5.1407255811851575,14674.022668490768,4706.32379002581,9967.698878464958,6402.50737041414,1277021.5791857266,553924.5111610051,8271.515298076629,50912.1432681715,2289040.937196306,746.0,0.0,746.0,746.0,0.0,220891.0,746.0,0.0,220891.0,743.0,0.0,743.0,0.0,0.0,0.0,743.0,0.0,220878.0,0.1529001844640295,0.0,0.26463284852784674,0.22918586789554532,0.0,0.5968,0.45935960591133007,0.0,0.4754620777565328,6.9777259406309184,0,6.9777259406309184,0,0,0,5.504352798126426,0,5.504352798126426,5184.450373888772,0.0,5184.450373888772,1094.7162448808376,0.0,321024.20448665717,4089.734129007935,0.0,1181506.9263681262,12.021611811653935,5.997691420214255,6.023920391439681,7.300396991077117,5.843231922997853,1.457165068079265,4.721214820576819,0.1544594972164021,4.566755323360416
99001.9682255597,7950.0,3333.0,4617.0,5376.0,581280.0,374314.0,2574.0,12672.0,469114.0,6762.0,3325.0,3437.0,4188.0,581264.0,151262.0,2574.0,12672.0,469097.0,41.57600177436063,13.230814727192104,28.345187047168533,18.45646511627906,12.527627906976726,5.928837209302341,24.145687645687605,0.6282051282051279,23.517482517482485,3.403251727964599,2.187615752802664,4.579274310860565,2.4873855384401833,2.13668268274682,3.731409674759638,4.893402311386608,5.056552647155105,4.889641294107366,23012.788184496618,7273.822378068857,15738.965806427761,10417.170634987488,1289522.7864583007,560010.9376917706,12595.61754950913,51383.77864510823,2311306.3866582448,1186.0,0.0,1186.0,1186.0,0.0,223048.0,1186.0,0.0,223048.0,1184.0,0.0,1184.0,0.0,0.0,0.0,1184.0,0.0,223038.0,0.14918238993710692,0.0,0.25687675980073643,0.22061011904761904,0.0,0.5644930985245121,0.46076146076146074,0.0,0.4713831478537361,6.90414775148612,0,6.90414775148612,0,0,0,5.28146165504023,0,5.28146165504023,8174.510937759565,0.0,8174.510937759565,1921.2603381919325,0.0,324422.42534366855,6253.250599567633,0.0,1193082.6636117692,12.034402259067855,5.917537342709349,6.116864916358506,7.453427486095264,5.814314134926749,1.6391133511685143,4.58097477297259,0.10322320778259916,4.477751565189991
100002.0860578792,11069.0,4668.0,6401.0,7446.0,587121.0,378049.0,3623.0,12800.0,473676.0,9420.0,4681.0,4739.0,5779.0,587116.0,152826.0,3641.0,12800.0,473667.0,42.119538641437366,14.009992558732955,28.109546082704338,18.55892617449655,13.153825503355673,5.405100671140934,24.192455947136647,0.798871145374448,23.39358480176212,3.451529552742805,2.299867307186734,4.589096754989686,2.513573893160449,2.238929153703339,3.5463195567697636,4.940254012156822,4.697993778322065,4.948226263823441,32513.408386837225,10765.678864941103,21747.729521896123,14525.943528574237,1302561.5226331817,565607.9764832354,17987.46485826299,51967.36122288013,2333483.9327424136,1675.0,0.0,1675.0,1675.0,0.0,225216.0,1675.0,0.0,225216.0,1681.0,0.0,1681.0,0.0,0.0,0.0,1681.0,0.0,225208.0,0.151323516126118,0.0,0.2616778628339322,0.22495299489658876,0.0,0.5791839557399724,0.4623240408501242,0.0,0.4773439726417783,6.4836446802089815,0,6.4836446802089815,0,0,0,5.082875050335778,0,5.082875050335778,10899.006707431297,0.0,10899.006707431297,2354.6937478168547,0.0,327532.41863792087,8544.312959614443,0.0,1203924.7939302884,12.065403031531464,5.995557493694138,6.069845537837326,7.401907019025512,5.846981405407763,1.5549256136177492,4.663496012505951,0.1485760882863747,4.514919924219576
