name,general.t_stop,general.t_tran,general.n_batch,general.t_batch,general.rndgen,general.rndseed,tasks.arrival_rate_1,tasks.arrival_rate_2,tasks.n_generated_1,tasks.n_generated_2,system/cloudlet.service_rate_1,system/cloudlet.service_rate_2,system/cloudlet.n_servers,system/cloudlet.threshold,system/cloud.service_rate_1,system/cloud.service_rate_2,system/cloud.setup_mean,statistics.population_mean,statistics.population_sdev,statistics.population_cint,statistics.response_mean,statistics.response_sdev,statistics.response_cint,statistics.throughput_mean,statistics.throughput_sdev,statistics.throughput_cint
SIMULATION-THRESHOLD-0,604800,80000,64,8200.0,MarcianiMultiStream,123456789,3.25,6.25,1965888,3781874,0.45,0.3,20,0,0.25,0.22,0.8,36.14851724043871,0.1842674503301905,0.04677991064013331,3.751485549593298,0.013460454043247944,0.003417200575524503,9.502955865272938,0.03818012992068447,0.009692775705735533
SIMULATION-THRESHOLD-1,604800,80000,64,8200.0,MarcianiMultiStream,123456789,3.25,6.25,1965888,3781874,0.45,0.3,20,1,0.25,0.22,0.8,37.15002355346279,0.18881425070271005,0.0479342051980916,3.751720128272093,0.013192057605012852,0.0033490628693030886,9.502951993805652,0.03817472296426273,0.009691403043673998
SIMULATION-THRESHOLD-2,604800,80000,64,8200.0,MarcianiMultiStream,123456789,3.25,6.25,1965888,3781874,0.45,0.3,20,2,0.25,0.22,0.8,38.1461349474774,0.19055990379588067,0.04837737351436701,3.75119560935352,0.013298856798533498,0.003376175941744161,9.502957801006582,0.03815526295289765,0.00968646273766182
SIMULATION-THRESHOLD-3,604800,80000,64,8200.0,MarcianiMultiStream,123456789,3.25,6.25,1965888,3781874,0.45,0.3,20,3,0.25,0.22,0.8,39.150976433397645,0.18696966133701656,0.047465919966270906,3.751980128784499,0.01315231010926341,0.0033389721870040923,9.502938443670152,0.03807994090531404,0.009667340756818871
SIMULATION-THRESHOLD-4,604800,80000,64,8200.0,MarcianiMultiStream,123456789,3.25,6.25,1965888,3781874,0.45,0.3,20,4,0.25,0.22,0.8,40.15283369142325,0.18352241736916486,0.04659076939311283,3.752004912051663,0.012919782010827732,0.0032799403631705863,9.502955865272938,0.03815558826584921,0.009686545324742592
SIMULATION-THRESHOLD-5,604800,80000,64,8200.0,MarcianiMultiStream,123456789,3.25,6.25,1965888,3781874,0.45,0.3,20,5,0.25,0.22,0.8,41.17615393906343,0.189907635763431,0.04821178246604711,3.75430215726056,0.012746221476004857,0.003235878613278682,9.502942315137437,0.03817894108425737,0.009692473896263888
SIMULATION-THRESHOLD-6,604800,80000,64,8200.0,MarcianiMultiStream,123456789,3.25,6.25,1965888,3781874,0.45,0.3,20,6,0.25,0.22,0.8,42.19718686529861,0.1924724754781436,0.04886291739218584,3.756726821791004,0.013723606650285068,0.003484007032225651,9.502965543941153,0.03818662004963254,0.00969442335241263
SIMULATION-THRESHOLD-7,604800,80000,64,8200.0,MarcianiMultiStream,123456789,3.25,6.25,1965888,3781874,0.45,0.3,20,7,0.25,0.22,0.8,43.245368556572565,0.1855954921693764,0.04711706013914765,3.761845343690455,0.012941104767438543,0.0032853535636412487,9.502951993805652,0.038076787682883986,0.009666540249386646
SIMULATION-THRESHOLD-8,604800,80000,64,8200.0,MarcianiMultiStream,123456789,3.25,6.25,1965888,3781874,0.45,0.3,20,8,0.25,0.22,0.8,44.32618845909045,0.1849043183393507,0.04694159209013811,3.7702921525178157,0.012719000874785936,0.0032289681291410325,9.502957801006582,0.03816200175325722,0.009688173514459771
SIMULATION-THRESHOLD-9,604800,80000,64,8200.0,MarcianiMultiStream,123456789,3.25,6.25,1965888,3781874,0.45,0.3,20,9,0.25,0.22,0.8,45.46407248690314,0.19187052372982166,0.048710100120629124,3.7846970802718936,0.014030708346129071,0.003561970828128145,9.502965543941153,0.038200675654779664,0.009697991643782575
SIMULATION-THRESHOLD-10,604800,80000,64,8200.0,MarcianiMultiStream,123456789,3.25,6.25,1965888,3781874,0.45,0.3,20,10,0.25,0.22,0.8,46.64656660349522,0.18574389335297234,0.047154734693688166,3.8039355889165947,0.012986042848330165,0.0032967619779036817,9.502948122338367,0.03818052462893042,0.009692875910174467
SIMULATION-THRESHOLD-11,604800,80000,64,8200.0,MarcianiMultiStream,123456789,3.25,6.25,1965888,3781874,0.45,0.3,20,11,0.25,0.22,0.8,47.90944534700353,0.19588170529409862,0.04972841732641879,3.8318881021153506,0.014825113601230767,0.0037636462015004815,9.50296360820751,0.03825705215197046,0.00971230392463339
SIMULATION-THRESHOLD-12,604800,80000,64,8200.0,MarcianiMultiStream,123456789,3.25,6.25,1965888,3781874,0.45,0.3,20,12,0.25,0.22,0.8,49.24767922182512,0.19129196924921266,0.048563222704922554,3.867239730144499,0.012374071975482893,0.003141401154845344,9.50295005807201,0.03822469281356521,0.009704088871154011
SIMULATION-THRESHOLD-13,604800,80000,64,8200.0,MarcianiMultiStream,123456789,3.25,6.25,1965888,3781874,0.45,0.3,20,13,0.25,0.22,0.8,50.664168045189655,0.19756420649652962,0.05015555329514578,3.9111137725230236,0.013695855003815935,0.0034769617318233486,9.502977158343011,0.038169987870028434,0.009690200947021787
SIMULATION-THRESHOLD-14,604800,80000,64,8200.0,MarcianiMultiStream,123456789,3.25,6.25,1965888,3781874,0.45,0.3,20,14,0.25,0.22,0.8,52.140647154435754,0.19826762567881967,0.05033413006728389,3.9611157908719608,0.013564422962850499,0.0034435951273547017,9.502961672473868,0.038079617845758806,0.009667258741807006
SIMULATION-THRESHOLD-15,604800,80000,64,8200.0,MarcianiMultiStream,123456789,3.25,6.25,1965888,3781874,0.45,0.3,20,15,0.25,0.22,0.8,53.66245192310971,0.20774962846111192,0.052741322667226496,4.01622337136075,0.015982479186761007,0.004057466182034502,9.502953929539295,0.03812579485909794,0.009678981683399578
SIMULATION-THRESHOLD-16,604800,80000,64,8200.0,MarcianiMultiStream,123456789,3.25,6.25,1965888,3781874,0.45,0.3,20,16,0.25,0.22,0.8,55.25775424007412,0.22115330331101893,0.05614410872957492,4.078756695956238,0.014670298309491906,0.003724343299657032,9.50296941540844,0.038163052637823,0.009688440302142522
SIMULATION-THRESHOLD-17,604800,80000,64,8200.0,MarcianiMultiStream,123456789,3.25,6.25,1965888,3781874,0.45,0.3,20,17,0.25,0.22,0.8,56.87616780944201,0.20006551638672454,0.05079055992782522,4.143981625720438,0.012881730481883673,0.0032702802353480444,9.50296360820751,0.03806954533172451,0.009664701636330148
SIMULATION-THRESHOLD-18,604800,80000,64,8200.0,MarcianiMultiStream,123456789,3.25,6.25,1965888,3781874,0.45,0.3,20,18,0.25,0.22,0.8,58.52839550093601,0.1820849552523592,0.04622584140798986,4.212688398193183,0.012921720530356909,0.00328043249441887,9.502973286875726,0.03820021477308701,0.009697874639914776
SIMULATION-THRESHOLD-19,604800,80000,64,8200.0,MarcianiMultiStream,123456789,3.25,6.25,1965888,3781874,0.45,0.3,20,19,0.25,0.22,0.8,60.22031082708222,0.22026170793025296,0.055917759734325626,4.285296954258507,0.012182720692397267,0.0030928228741583298,9.50296360820751,0.03811072467641303,0.009675155821598877
SIMULATION-THRESHOLD-20,604800,80000,64,8200.0,MarcianiMultiStream,123456789,3.25,6.25,1965888,3781874,0.45,0.3,20,20,0.25,0.22,0.8,61.92095277062578,0.2141085980176707,0.0543556719572726,4.358846977188864,0.013484509445126226,0.0034233075116559906,9.502979094076656,0.038205741996724336,0.00969927783417062
