u1,u2
0.0008330084387366699,0.00037282984721140463
0.00041650608201348506,0.00021772040064340476
0.0007735085677232168,0.0003584977241039731
0.0007140403616773153,0.0008763587106374831
0.0008925115693791358,0.0004419465551348154
0.00041652843375528624,0.0005933861250958341
0.00029753521098640524,0.0006742910485129296
0.0009519904856346503,0.00010409206156809445
0.0003569987604194315,7.816636938516347e-05
0.0008330075074140949,0.0003571771086925534
0.0008925022561533853,0.0002854191699463032
0.0005950322377472335,0.0007068198177529591
0.0007735169496263922,0.0004993723707736341
0.0006545255895026613,0.0006115827712284321
5.951989444881673e-05,0.0003508660012627328
0.0008330205459301456,0.0005763154479564705
5.953153598100484e-05,0.000546525232748373
0.0007140086967097636,0.0003441656009965416
0.0007140440869676155,0.000938969664712888
0.0001190160401719697,0.0003025871702947594
0.00011903513228475821,0.0006234683099312095
0.0003570141272419198,0.00033643655494620863
0.0008329912092690315,8.325418461265703e-05
0.00011901650583325723,0.000310413539554185
0.0005950443449407091,0.000910305418498025
0.0005355193282177296,0.0004733493553816105
0.0007140217352258143,0.0005633039402604587
0.0005355468022336936,0.0009351051416877215
0.0008330317218010462,0.0007641483101826852
0.00017853127800791118,0.0005751894789632361
0.00011901371186553208,0.00026345532399763135
0.0009519858290217751,2.5828368973838337e-05
0.00017855549239486246,0.0009821606804533678
0.0005949903282313563,2.4465844046541417e-06
1.0710209613065333e-08,0.00018000649296678905
0.0007735025141264789,0.0002567549237314402
0.00047600036509148794,0.00013813609263772894
0.0007140068340646135,0.00031286012395883916
0.0005355104806532666,0.0003246483394525239
0.00029750121771241595,0.00010296609257486001
0.0005950243215053456,0.0005737715403427237
0.000654529780454249,0.0006820200945632626
0.0007140212695645267,0.0005554775710010331
0.00041649444048129695,2.2061169157764488e-05
0.00029753893627670544,0.0007369020025883345
0.0002379980870699501,3.384938465144922e-05
0.0008925320584757868,0.0007863068025495423
0.0002975310200348175,0.0006038537251780991
0.0008330438289945218,0.0009676339109277511
0.00041654193793262445,0.0008203508336191768
0.000654500443793135,0.0001889588312194491
0.00011901743715583227,0.00032606627807303624
0.0004760399463009275,0.0008033774796889059
0.0008924887519760471,5.845446142296049e-05
0.0003570485861771966,0.0009155878801437038
0.0004164935091587219,6.408430638913266e-06
0.0006545134823091857,0.0004080971704833662
0.00017854059123366167,0.0007317168641517483
0.0004165163265618106,0.0003899005243507682
0.00035699829475814397,7.034000012573786e-05
0.0006544901992448094,1.6778707512085655e-05
0.0009519890886507878,8.061295378981761e-05
0.0005950261841504957,0.0006050770173804262
0.0007734941322233035,0.00011588027706177918
0.0009519997988604008,0.00026061944675660666
0.00017851218589512267,0.00025430833932678604
0.0006545358340509868,0.0007837628949357955
0.0003570239061289578,0.0005007903093941465
0.0007140240635322519,0.0006024357865575868
4.749745132750713e-08,0.0007982896644614123
0.000892543700007975,0.0009819660340351826
0.0008330033164625072,0.0002867397853577229
0.000952022150602202,0.000636285171209036
0.00023805443208574058,0.0009808400650419481
0.0003570406699353087,0.0007825396027334685
0.000773540698352056,0.0008985172030043403
0.0008925008591695227,0.00026194006216802637
0.00017850613229838485,0.0001525655389542531
0.0006545260551639488,0.0006194091404878577
2.6077032101376463e-08,0.0004382766785278342
0.00017851684250799792,0.00033257203192104214
0.0005355002361049411,0.00015246821574516046
0.0006545465442605999,0.0009637693879025846
0.0006545078943737354,0.00031418073937025887
0.0004164972344490221,6.901938471431815e-05
0.0005355398173143807,0.0008177096027963374
0.0006545293147929615,0.000674193725303837
0.0007734885442878532,2.196384594867185e-05
0.00017852848404018603,0.0005282312634066824
0.0001190197654622699,0.0003651981243701643
0.0007140017117904507,0.00022677006210515744
0.0005355305040886302,0.0006611822176078252
0.0004165261054488486,0.000554254278798706
0.0006545227955349362,0.0005646245556718784
0.0008925194856210237,0.0005749948325450508
2.7474015963950202e-08,0.00046175578630611104
5.9522688416541875e-05,0.00039782421681928645
0.0004760185258817014,0.00044336449375532777
2.4214386951278144e-08,0.00040697120149013177
0.00023804232489226494,0.0007773544642968823
0.0007735462862875062,0.0009924336341174476
0.0009520100434087264,0.0004327995704639701
0.0008925353181047995,0.0008410913873655216
0.0004165144639166605,0.00035859504731306576
0.00023802509542462653,0.00048777880169813465
0.000416513998255373,0.00035076867805364014
0.00017852522441117336,0.00047344667859070314
0.00029754126458314306,0.0007760338488854625
0.00011900532996235664,0.00012258067732797036
0.0009520165626667517,0.0005423687400959287
0.00011902442207514514,0.0004434618169644204
0.0002975342796638302,0.0006586383099940784
0.0005950191992311828,0.000487681478489042
0.0006545172075994859,0.0004707081245587711
0.000892516225992011,0.0005202102477290715
0.00011905143042982157,0.0008973912340111058
0.00023801438521501347,0.0003077723087313456
0.00047603482402676475,0.0007172874178352241
0.0002380204388117513,0.00040951510910387855
0.00035701878385479505,0.00041470024754046474
0.0007735192779328298,0.0005385042170707622
0.00011900905525265683,0.00018519163140337525
0.0006544934588738221,7.156329232806493e-05
0.0009519988675378258,0.00024496670823775544
0.000178537331604649,0.000676932279335769
0.00047603063307517703,0.0006468500945003937
0.0003570155242257824,0.00035991566272448546
0.0006545390936799995,0.0008385474797517748
0.0009520351891182527,0.0008554235104729531
0.0005355053583791039,0.00023855827759884218
0.0003570383416288711,0.0007434077564363404
0.00023800786595698812,0.00019820313909938705
0.0008924999278469477,0.00024628732364917515
0.0009520198222957644,0.0005971533249119079
0.0008330149579946953,0.0004823990168433632
0.0004760338927041897,0.0007016346793163729
2.6542693388901042e-08,0.0004461030477872598
0.0006545153449543358,0.00043940264752106864
0.0002975324170186801,0.0006273328329563759
0.00041650235672318486,0.00015510944656799987
0.0007735071707393542,0.0003350186163256963
0.0002975435928895807,0.0008151656951825906
0.00047602737344616436,0.0005920655096844144
0.00011899881070433129,1.3011507696011806e-05
0.0002380185761666012,0.0003782096320661761
0.000952030998166665,0.0007849861871381226
0.0008925292645080617,0.0007393485869929886
0.0002975538374379062,0.000987345818889954
0.0004759975711237628,9.117787708117528e-05
0.000535546336572406,0.0009272787724282959
1.1175870900589913e-08,0.00018783286222621466
0.0008925278675241991,0.0007158694792147118
0.0004165330903681615,0.0006716498176900902
0.0005355239848306049,0.0005516130479758666
0.00047600083075277546,0.00014596246189715455
0.0008329981941883444,0.0002006497235040412
0.0008924957368953599,0.00017585000031434465
0.00011904863646209642,0.0008504330184545522
0.0006545279178090989,0.0006507146175255601
0.00047602318249457664,0.0005216281863495839
0.00017853779726593653,0.0006847586485951946
0.0005355407486369557,0.0008333623413151886
5.955062809379335e-05,0.0008674063723848231
2.840533853899936e-08,0.00047740852482496226
0.0004165386783036118,0.0007655662488031975
0.0007735351104166057,0.0008046007718912329
0.0009519862946830626,3.365473823326395e-05
0.0004760227168332891,0.0005138018170901583
0.0008330363784139214,0.0008424120027769413
0.00047604599989766534,0.0009051202800614388
0.0002380111255860008,0.00025298772391536633
0.00047602551080101426,0.0005607600326467119
0.000476020854188139,0.0004824963400524558
0.00023802137013432634,0.00042516784762272977
0.000952021219279627,0.0006206324326901848
0.0008329963315431943,0.00016934424646633875
0.0009520347234569652,0.0008475971412135275
0.0009520011958442634,0.0002840985545348835
0.000595004298069982,0.00023723766218742247
0.000535545405249831,0.0009116260339094447
0.00023799901839252516,4.9502123170300444e-05
0.0002380074002957006,0.00019037676983996144
0.0007734983231748912,0.00018631760039660968
0.0005950201305537578,0.0005033342170078932
4.703179003998255e-08,0.0007904632952019867
0.0005354951138307783,6.637815389147874e-05
0.0005354946481694908,5.8551784632053126e-05
0.0005355100149919791,0.0003168219701930983
5.029141905265461e-08,0.000845247880017966
0.00047601386926882615,0.00036510080116107166
0.00023801764484402614,0.0003625568935473249
0.0005950462075858592,0.0009416108955357274
0.0002380227671181889,0.0004486469554010066
0.00017853872858851158,0.0007004113871140459
0.00041654566322292465,0.0008829617876945817
0.00035704299824174633,0.0008216714490305965
0.0008925441656692625,0.0009897924032946082
0.0006545162762769108,0.00045505538603991987
0.0009520109747313014,0.0004484523089828213
0.0007734913382555783,6.892206150522552e-05
0.0007734918039168659,7.674843076465113e-05
5.950499328761594e-05,0.00010042218496111323
0.000952002592828126,0.00030757766231316033
5.954224619061791e-05,0.0007265317257151621
0.00017853220933048623,0.0005908422174820873
0.0008330023851399321,0.0002710870468388717
0.00011903047567188296,0.0005452046173369533
0.0002975133249058916,0.0003064516933199259
0.0007140096280323386,0.0003598183395153928
0.00023803347732780198,0.0006286534483677956
0.0007735206749166924,0.000561983324849039
0.0004165428692551995,0.000836003572138028
0.0007140249948548269,0.000618088525076438
0.0007139956581937129,0.0001250272617326245
0.00047601014397852595,0.00030248984708566677
0.0005950359630375337,0.000769430771828364
0.00017850101002422208,6.647547710057137e-05
1.722946763840945e-08,0.0002895756625987476
0.00017854431652396187,0.0007943278182271532
0.0002975226381316421,0.0004629790785084381
0.0005950490015535844,0.0009885691110922811
0.000416523777142411,0.000515122432501578
0.0008330042477850822,0.00030239252387657413
0.00029754685251859336,0.0008699502799985699
0.0005355253818144674,0.0005750921557541434
0.0004760124722849636,0.0003416216933827948
0.0004759943114947501,3.6393292265196e-05
0.0005950196648924703,0.0004955078477484676
0.0004760092126559509,0.00028683710856681555
0.000356999226080719,8.599273864458908e-05
0.0001190518960911091,0.0009052176032705314
5.953060465842979e-05,0.0005308724942295218
3.259629012672058e-09,5.4784584815979276e-05
0.00011903233831703306,0.0005765100943746558
0.0007734880786265657,1.413747668924624e-05
5.95534220615185e-05,0.0009143645879413768
0.0002975533717766187,0.0009795194496305284
5.9545040158343054e-05,0.0007734899412717158
0.0007734899412717158,4.544295372694868e-05
5.952967333585474e-05,0.0005152197557106706
0.0008330065760915198,0.0003415243701737022
0.000595023855844058,0.0005659451710832981
0.0002380358056342396,0.0006677852946649237
0.0007735383700456183,0.0008593853567072122
0.0002380209044730388,0.00041734147836330416
0.0008925325241370744,0.0007941331718089679
0.0003570234404676703,0.0004929639401347208
0.00041653821264232426,0.0007577398795437719
0.0005355142059435668,0.0003872592935279288
0.0005950117486505824,0.00036245957033823224
0.0008330293934946085,0.0007250164638855571
0.00029749702676082823,3.2528769240029514e-05
0.0007734894756104282,3.761658446752307e-05
2.793967725147478e-08,0.00046958215556553665
0.00035702064649994515,0.0004460057245781672
0.0009519848976992,1.0175630454987115e-05
0.0006545241925187987,0.0005881036634501553
0.0008925427686853999,0.0009663132955163314
0.00017855130144327474,0.0009117233571185373
0.0007139947268711378,0.00010937452321377328
0.00023803673695681465,0.0006834380331837749
5.9537123916455137e-05,0.0006404416638614804
0.0008924943399114974,0.00015237089253606782
0.00053552677879833,0.0005985712635324203
0.0008330056447689448,0.00032587163165485097
0.00011900207033334396,6.779609251199108e-05
5.951104688435376e-05,0.00020216498533364618
0.00011904770513952137,0.000834780279935701
5.95250167229795e-05,0.0004369560631164145
0.0001190407202202085,0.0007173847410443168
0.0005950136112957325,0.0003937650473759347
0.00041654938851322485,0.0009455727417699866
0.0002974979580834033,4.8181507758880736e-05
0.00011904025455892098,0.0007095583717848912
0.0003570518458062093,0.0009703724649596831
0.000714017078612939,0.0004850402476662026
0.00023804837848900276,0.0008790972646694152
5.954876544864325e-05,0.0008361008953471207
0.0008330382410590715,0.0008737174798146437
0.00011901184922038198,0.0002321498469599289
0.0009520254102312147,0.0006910697560250153
0.0005355314354112053,0.0006768349561266764
0.0008925381120725247,0.0008880496029220752
0.00011900439863978159,0.00010692793880911914
0.0004165167922230981,0.0003977268936101938
5.951011556177871e-05,0.00018651224681479495
0.00047601992286556397,0.0004668436015336046
0.0007140436213063279,0.0009311432954534624
0.000535517931233867,0.00044987024760333367
0.0005355477335562686,0.0009507578802065728
0.0005355109463145542,0.0003324747087119495
0.0002974984237446908,5.600787701830635e-05
0.0009519853633604876,1.8001999714412726e-05
0.0001785201021370106,0.0003873566167370214
0.000654520001567211,0.0005176663401153248
0.0003570499831610592,0.0009390669879219807
0.0008329954002206192,0.00015369150794748753
0.0008330168206398454,0.0005137044938810656
0.0002975496464863185,0.0009169084955551235
0.0004165507854970874,0.0009690518495482634
0.0005355295727660552,0.0006455294790889739
1.396983862573739e-09,2.3479107778276833e-05
0.00029754452421215574,0.0008308184337014418
0.0001785145142015603,0.0002934401856239141
0.0008925367150886621,0.0008645704951437984
0.00041653634999717416,0.0007264344025060695
0.0001785163768467104,0.00032474566266161653
0.00047603249572032713,0.0006781555715380961
0.0009520039898119885,0.00033105677009143716
0.0008925092410726981,0.00040281470883768737
0.0006545339714058367,0.0007524574178980931
0.0008330340501074838,0.0008032801564798132
0.0009520114403925889,0.00045627867824224694
0.0005354918542017657,1.159356907549946e-05
0.0008924980652017976,0.0002149818466114727
0.0007140426899837529,0.0009154905569346112
0.0005355197938790171,0.0004811757246410361
0.000416543334916487,0.0008438299413974536
5.951384085207891e-05,0.00024912320089019984
0.0005355216565241672,0.0005124812016787386
0.00035704160125788376,0.0007981923412523197
0.0005949973131506691,0.0001198421232960383
0.00011904584249437127,0.0008034748028979985
4.936009647760545e-08,0.0008295951414991148
0.00017851311721769772,0.00026996107784563726
0.0007140352394031525,0.0007902686487838014
0.00011903326963960811,0.000592162832893507
5.953013899714227e-05,0.0005230461249700962
0.00041653448735202406,0.000695128925468367
5.9507321594053563e-05,0.0001395540312582413
0.00041650515069091,0.00020206766212455354
5.950173365860327e-05,4.563760014513396e-05
0.0004165107386263603,0.00029598409323766087
0.000892534852443512,0.000833265018106096
0.00011905049910724652,0.0008817384954922546
0.00035702250914509525,0.0004773112016158696
0.0003570099362903321,0.00026599923161137813
0.0005950308407633709,0.0006833407099746823
0.0008925134320242859,0.00047325203217251787
0.0009519932796023755,0.0001510502771246481
0.0008925413717015373,0.0009428341877380545
0.0008330247368817333,0.000646752771291301
0.0008925334554596494,0.0008097859103278191
0.00023800600331183802,0.0001668976620616846
0.00035700574533874437,0.00019556190827654764
0.0008330433633332343,0.0009598075416683254
0.00017854012557237415,0.0007238904948923227
2.7008354676425622e-08,0.00045392941704668543
0.0005355495962014187,0.0009820633572442752
5.9501267997315744e-05,3.7811230885708346e-05
0.00017854385086267435,0.0007865014489677276
0.0009520147000216016,0.0005110632630582262
5.9549231109930776e-05,0.0008439272646065463
0.0003570029513710192,0.00014860369271999397
0.0008925274018629116,0.0007080431099552862
0.00041649490614258447,2.98875384171901e-05
0.0003570369446450085,0.0007199286486580636
0.0007735076364006417,0.0003428449855851219
0.00029752962305095495,0.0005803746173998223
0.0005355374890079431,0.0007785777564992093
0.0007735197435941173,0.0005463305863301878
0.00017852103345958564,0.00040300935525587264
0.00029751099659945397,0.00026731984702279784
0.00029753753929284287,0.0007134228948100577
0.0008924924772663473,0.00012106541549836538
0.0003570443952256089,0.0008451505568088733
0.00029750727130915377,0.00020470889294739295
0.0007139933298872753,8.589541543549645e-05
0.000297540333260568,0.0007603811103666113
0.0009519965392313881,0.0002058348619406274
0.00035701459290320733,0.00034426292420563424
5.9539917884180284e-05,0.000687399879418034
0.00041654799152936227,0.0009220936339917097
0.0004760283047687394,0.0006077182482032656
0.00023801345389243842,0.0002921195702124944
0.00017852336176602326,0.0004421412015530007
0.00023805070679544038,0.0009182291109665433
0.0007735420953359185,0.0009219963107826171
0.0007140473465966281,0.0009937542495288673
0.0005354932511856282,3.507267685377629e-05
0.0002975007520511284,9.51397233154344e-05
0.0007734950635458785,0.0001315330155806304
2.98023224015731e-08,0.0005008876326032391
0.0005950215275376204,0.0005268133247861701
0.0005355263131370425,0.0005907448942729947
0.00023802695806977663,0.0005190842787358371
0.0005949921908765064,3.3752061442356585e-05
0.0004760096783172384,0.00029466347782624116
0.00047599338017217507,2.074055374634478e-05
0.00047602178551071407,0.000498149078571307
0.00035700527967745684,0.00018773553901712202
0.0004760171288978388,0.00041988538597705093
0.0004760390149783525,0.0007877247411700546
0.0009520044554732761,0.00033888313935086277
5.954457449705553e-05,0.0007656635720122902
0.00047604460291380277,0.000881641172283162
0.00041652284581983594,0.0004994696939827268
0.0009520072494410012,0.00038584135490741644
0.0009519895543120753,8.843932304924322e-05
0.0007735430266584936,0.0009376490493014683
0.0008330238055591582,0.0006311000327724498
0.0007140021774517382,0.00023459643136458305
0.0002975151875510417,0.00033775717035762834
0.00041654985417451237,0.0009533991110294122
5.951849746495415e-05,0.00032738689348445595
0.0005355151372661419,0.00040291203204678
0.00047605158783311564,0.0009990367111745461
0.0007140119563387763,0.0003989501858125209
0.0004165503198357999,0.0009612254802888378
0.0008925199512823112,0.0005828212018044764
0.0008925297301693492,0.0007471749562524142
0.00011902302509128257,0.00041998270918614357
0.00035702809708054555,0.000571227632728977
0.0009519900199733628,9.626569230866884e-05
0.00023800227802153783,0.00010428670798627972
0.0002380302176987893,0.0005738688635518164
0.00023802975203750178,0.0005660424942923908
0.0007735006514813288,0.00022544944669373773
0.0004165484571906498,0.0009299200032511354
0.0005950150082795951,0.0004172441551542115
0.0002380264924084891,0.0005112579094764115
0.0008925143633468609,0.0004889047706913691
0.0007140142846452139,0.00043808203210964894
0.0005355007017662286,0.00016029458500458607
0.0009520328608118151,0.000816291664175825
0.0007734904069330033,5.3269322986374294e-05
0.0002975291573896674,0.0005725482481403967
0.0004760278391074519,0.00059989187894384
0.0001785526984271373,0.0009352024648968142
0.0005355211908628797,0.000504654832419313
0.00035704718919333405,0.000892108772365427
0.00047604413725251525,0.0008738148030237364
0.00017852475874988584,0.00046562030933127753
0.0002380339429890895,0.0006364798176272213
0.0009520244789086396,0.000675417017506164
0.0007735127586748045,0.0004289350474388036
0.00047600269339792556,0.000177267938934857
0.00017852056779829812,0.00039518298599644703
0.000892507378427548,0.0003715092317999849
0.00023804558452127761,0.0008321390491128615
0.0005950466732471467,0.0009494372647951531
5.950406196504089e-05,8.476944644226201e-05
0.000535498373459791,0.00012116273870745801
0.0008924873549921845,3.4975353644683656e-05
0.0008924854923470344,3.6698766069812126e-06
1.583248377583571e-08,0.00026609655482047077
0.000595041550972984,0.0008633472029414713
0.0008330051791076573,0.00031804526239542536
0.0009519993331991133,0.00025279307749718105
0.0007140380333708776,0.0008372268643403551
0.0001190234907525701,0.0004278090784455692
0.00023803068336007683,0.000581695232811242
0.00011903839191377088,0.0006782528947471887
0.0009519979362152507,0.00022931396971890422
0.0002975002863898409,8.731335405600879e-05
0.0007140301171289897,0.0007041785869301197
0.0008330070417528073,0.0003493507394331278
0.00035701645554835743,0.0003755684012433367
0.0004165186548682482,0.00042903237064789625
0.0008924859580083219,1.1496245866406823e-05
0.00017850007870164704,5.082273858172015e-05
0.000773542560997206,0.0009298226800420427
0.0007734908725942908,6.10956922457999e-05
0.000595033634731096,0.000730298925531236
0.000714006368403326,0.00030503375469941355
0.0006545456129380249,0.0009481166493837334
0.00017854245387881177,0.0007630223411894507
0.0001785261557337484,0.0004890994171095544
0.0005950159396021701,0.00043289689367306274
0.0004165316933842989,0.0006481707099118134
0.0004165293650778613,0.0006090388636146853
0.00023803859960196475,0.0007147435102214774
0.0008330368440752089,0.0008502383720363669
0.00029754871516374346,0.0009012557570362723
0.0005949912595539313,1.8099322923505363e-05
0.0008330275308494584,0.0006937109868478547
0.0009520403113924155,0.0009415135723266348
0.0006545344370671243,0.0007602837871575187
0.000535497442137216,0.00010551000018860679
0.000832990743607744,7.542781535323142e-05
0.0003570332193547083,0.0006573176945826587
0.0009520207536183394,0.0006128060634307592
0.0005355272444596175,0.0006063976327918459
0.0007140366363870151,0.0008137477565620783
0.0008330415006880842,0.000928502064630623
0.0009520188909731893,0.0005815005863930567
0.00029751658453490426,0.00036123627813590517
0.00011904910212338395,0.0008582593877139778
0.000833038706720359,0.0008815438490740693
0.0004164958374651595,4.554027693604132e-05
0.0005949977788119567,0.00012766849255546392
3.9115548152064694e-08,0.0006574150177917513
0.0004165177235456732,0.00041337963212904503
0.0007735239345457051,0.0006167679096650183
0.0008925180886371611,0.000551515724766774
0.00029750540866400367,0.0001734034159096905
0.00011900626128493168,0.00013823341584682158
0.000416533556029449,0.0006794761869495158
0.0006544976498254098,0.00014200061566289543
5.9512443868216334e-05,0.000225644093111923
0.0004164995627554597,0.00010815123101144621
2.0489096651081506e-08,0.0003443602474147269
0.0008329921405916066,9.890692313150825e-05
0.00011901278054295703,0.00024780258547878013
0.0005950056950538446,0.0002607167699656993
0.00011905096476853404,0.0008895648647516802
8.847564462967014e-09,0.0001487010159290866
0.00011905282741368414,0.0009208703417893827
0.0004165470602067872,0.0009064408954728585
0.00023805024113415286,0.0009104027417071176
0.0008924901489599096,8.193356920123732e-05
0.0003570346163385709,0.0006807968023609355
0.0007140277888225521,0.0006650467406329917
3.6321580426917216e-08,0.0006104568022351976
0.00023801717918273861,0.00035473052428789927
0.00011902628472029524,0.00047476729400212285
0.0007735355760778932,0.0008124271411506586
0.00017851544552413535,0.0003090929241427653
0.0005950154739408826,0.00042507052441363713
3.7252903001966375e-09,6.261095407540489e-05
0.0005950205962150454,0.0005111605862673188
0.00017850799494353495,0.00018387101599195554
0.0006545046347447227,0.0002593961545542796
0.0009520142343603141,0.0005032368937988006
0.000833037775397784,0.0008658911105552181
5.9527810690704645e-05,0.00048391427867296817
0.0008925287988467742,0.000731522217733563
0.0004760436715912277,0.0008659884337643108
0.0003570215778225202,0.0004616584630970184
0.0005355281757821926,0.0006220503713106971
0.00011905608704269681,0.0009756549266053619
0.0005355277101209051,0.0006142240020512715
0.00017851358287898525,0.00027778744710506287
3.9581209439589274e-08,0.0006652413870511769
0.0008329865526561563,4.9904920184009206e-06
0.0007140203382419517,0.0005398248324821819
0.0007140459496127655,0.0009702751417505905
5.953665825516761e-05,0.0006326152946020548
0.0008924971338792225,0.00019932910809262148
0.0003570117989354822,0.0002973047086490806
0.0007735299881424429,0.0007185107100375512
3.8184225577015535e-08,0.0006417622792729001
0.0003570024857097317,0.00014077732346056836
0.0006545349027284118,0.0007681101564169443
0.00029754498987344326,0.0008386448029608674
0.0006544943901963972,8.721603084691615e-05
0.00047604972518796554,0.0009677312341368437
0.0008330126296882576,0.00044326717054623513
0.0007735015828039039,0.00024110218521258896
0.00041651166994893535,0.0003116368317565121
0.00017849821605649694,1.951726154401771e-05
0.0007735001858200413,0.00021762307743431212
0.0001785033383306597,0.00010560732339769943
0.0002380451188599901,0.0008243126798534359
1.676380635088487e-08,0.000281749293339322
0.0007140012461291632,0.00021894369284573183
0.000714016147290364,0.0004693875091473514
0.00089249759954051,0.0002071554773520471
0.000714034773741865,0.0007824422795243758
5.951290952950386e-05,0.00023347046237134862
0.0004165200518521108,0.0004525114784261731
0.00011902395641385762,0.0004356354477049948
0.00011904304852664613,0.0007565165873414448
5.9556216029243644e-05,0.0009613228034979304
0.0006545074287124478,0.00030635437011083326
0.00041650980730378526,0.00028033135471880965
0.00029751472188975416,0.00032993080109820273
0.00011902162810742,0.00039650360140786674
0.0004760357553493398,0.0007329401563540754
0.0006544985811479849,0.00015765335418174665
5.774199965304788e-08,0.0009704697881687758
0.000952040777053703,0.0009493399415860604
0.0008330186832849955,0.0005450099709187681
0.00023800320934411288,0.00011993944650513094
0.00023800833161827565,0.00020602950835881266
0.000892506447104973,0.0003558564932811337
0.000357046257870759,0.0008764560338465758
0.00023799855273123763,4.167575391087483e-05
0.0007140226665483893,0.0005789566787793099
0.0005950210618763329,0.0005189869555267445
0.0009519918826185129,0.00012757116934637128
0.0002380283550536392,0.0005425633865141139
5.9500336674740695e-05,2.2158492366857125e-05
0.0002975156532123292,0.00034558353961705395
5.951477217465396e-05,0.00026477593940905106
0.0008925083097501231,0.00038716197031883615
0.0005355076866855415,0.00027769012389597023
0.00017850846060482248,0.00019169738525138115
0.0008925301958306367,0.0007550013255118399
5.1222741627703766e-08,0.0008609006185368172
0.0004760017620753505,0.00016161520041600578
0.0005355137402822793,0.00037943292426850317
0.0005355249161531799,0.0005672657864947178
0.00029753195135739257,0.0006195064636969503
0.00029752170680906703,0.0004473263399895869
0.0008925222795887488,0.0006219530481016045
0.00011899974202690634,2.8664246214863028e-05
0.0007140208039032392,0.0005476512017416075
5.955668169053117e-05,0.000969149172757356
0.0007140045057581759,0.0002737282776617111
0.0008330424320106592,0.0009441548031494742
0.000952023081924777,0.0006519379097278872
0.0001785298810240486,0.0005517103711849592
0.0007735271941747177,0.0006715524944809976
0.00035703415067728336,0.0006729704331015099
0.0009520389144085529,0.000918034464548358
0.0008330447603170968,0.0009832866494466023
0.0007735360417391807,0.0008202535104100842
0.0005950429479568465,0.0008868263107197482
0.00017850473531452228,0.00012908643117597626
0.00041654147227133693,0.0008125244643597512
9.313225750491594e-09,0.00015652738518851222
0.00017854571350782444,0.00081780692600543
0.0009520021271668384,0.0002997512930537347
0.0009520300668440899,0.0007693334486192714
0.00041651539523923555,0.000374247785831917
0.00047600781567208833,0.0002633580007885387
0.000654547475583175,0.0009794221264214358
0.0007140152159677889,0.00045373477062850016
0.00035703787596758356,0.0007355813871769148
5.9532932964867415e-05,0.0005700043405266499
0.0004165070133360601,0.00023337313916225598
0.0004760129379462511,0.00034944806264222044
0.00029751425622846664,0.0003221044318387771
0.0005355384203305181,0.0007942304950180605
0.0007139914672421252,5.4589938397794e-05
0.00011905469005883424,0.0009521758188270851
5.951710048109158e-05,0.0003039077857061791
0.0007140138189839264,0.0004302556628502233
0.0005354988391210785,0.00012898910796688362
0.00011901883413969485,0.0003495453858513131
0.00017850892626611,0.00019952375451080676
0.0001785485074755496,0.0008647651415619837
0.00035700388269359427,0.0001642564312388452
0.000892535783766087,0.0008489177566249472
0.0004165451975616371,0.0008751354184351561
0.00029754266156700564,0.0007995129566637394
0.0003570313567095582,0.0006260122175449562
0.0005355351607015054,0.0007394459102020813
0.0005355025644113787,0.0001916000620422885
0.0005950187335698953,0.0004798551092296164
0.0008925176229758736,0.0005436893555073484
5.9521757093966825e-05,0.0003821714783004352
0.0007139961238550004,0.0001328536309920501
0.0003570136615806323,0.000328610185686783
0.00017855176710456226,0.000919549726377963
4.190951587721217e-08,0.000704373233348305
0.0005355095493306916,0.0003089956009336727
0.00029753148569610505,0.0006116800944375247
0.00017851591118542287,0.0003169192934021909
0.0006545032377608601,0.00023591704677600276
5.953758957774266e-05,0.000648268033120906
0.0005355062897016789,0.0002542110161176934
0.0005355309697499177,0.0006690085868672508
0.0007735393013681934,0.0008750380952260634
0.0008925129663629983,0.00046542566291309225
0.0008925404403789623,0.0009271814492192033
0.0005950373600213962,0.0007929098796066408
4.516914488988423e-08,0.0007591578181642843
0.0005950080233602822,0.00029984861626282736
0.00017850985758868505,0.00021517649302965798
4.656612875245797e-10,7.826369259425611e-06
0.000595042482295559,0.0008789999414603226
0.0005949963818280941,0.00010418938477718708
0.0007735113616909419,0.0004054559396605268
5.953246730357989e-05,0.0005621779712672243
0.0008330116983656826,0.0004276144320273839
0.0006545325744219742,0.0007289783101198162
0.0008925204169435987,0.000590647571063902
0.0005950396883278339,0.0008320417259037689
5.9505458948903465e-05,0.00010824855422053884
0.000892515294669436,0.0005045575092102203
0.00017851963647572307,0.0003795302474775958
0.00029750308035756605,0.00013427156961256246
0.000595032703408521,0.0007146461870123847
0.0001785336063143488,0.0006143213252603641
0.00017851777383057297,0.00034822477043989337
0.0004760031590592131,0.0001850943081942826
0.0004760259764623018,0.0005685864019061375
4.284083845226133e-08,0.0007200259718671562
0.00011905236175239662,0.0009130439725299571
0.0008330410350267966,0.0009206756953711974
0.00035704486088689643,0.000852976926068299
0.0001784972847339219,3.864523025166487e-06
0.0004760189915429889,0.0004511908630147534
0.00029749935506726585,7.166061553715757e-05
0.0008330210115914331,0.0005841418172158961
0.00017850659795967238,0.0001603919082136787
0.0005354937168469158,4.2899046113201904e-05
0.00011902814736544534,0.0005060727710398253
0.0006545083600350229,0.0003220071086296845
0.0007735295224811554,0.0007106843407781256
0.0005950070920377071,0.00028419587774397613
0.0002975328826799676,0.0006351592022158016
0.0007735379043843308,0.0008515589874477866
0.0004165410066100494,0.0008046980951003256
0.0006545144136317607,0.0004237499090022174
0.0006545120853253231,0.00038461806270508937
0.00029753055437353,0.0005960273559186735
0.0008925208826048863,0.0005984739403233276
0.0009519923482798004,0.0001353975386057969
0.0008925157603307235,0.0005123838784696459
0.0005950480702310093,0.0009729163725734299
0.0007735155526425296,0.0004758932629953573
0.0004759938458334626,2.856692300577039e-05
2.3283064376228985e-08,0.00039131846297128054
0.0008330419663493717,0.0009363284338900486
0.0002380167135214511,0.00034690415502847366
0.0005355360920240805,0.0007550986487209325
0.0005354941825082033,5.0725415372627515e-05
0.00041651306693279793,0.0003351159395347889
0.0005950257184892081,0.0005972506481210006
0.0002975044773414286,0.0001577506773908393
0.0007734978575136037,0.00017849123113718407
0.0008329935375754691,0.00012238603090978508
5.955575036795612e-05,0.0009534964342385048
0.0002975137905671791,0.0003142780625793515
0.00023804092790840237,0.0007538753565186054
0.00035705277712878435,0.0009860252034785343
0.00011905701836527186,0.0009913076651242132
0.0002380190418278887,0.0003860360013256017
5.951337519079138e-05,0.00024129683163077423
0.0005950168709247452,0.00044854963219191396
0.00017854943879812464,0.0008804178800808349
0.0006545041690834352,0.000251569785294854
0.0005950387570052588,0.0008163889873849177
0.0007140245291935394,0.0006102621558170124
0.00023803440865037702,0.0006443061868866469
0.0008925097067339857,0.000410641078097113
0.0006545321087606866,0.0007211519408603906
0.00029750913395430387,0.0002360143699850954
0.0009520226162634895,0.0006441115404684616
0.0005950341003923836,0.0007381252947906616
0.0001190123148816695,0.00023997621621935452
0.0006545437502928748,0.0009168111723460309
0.00017854990445941217,0.0008882442493402605
0.00029755011214760603,0.0009247348648145492
0.00029749749242211575,4.0355138499455125e-05
0.0004165126012715104,0.0003272895702753633
5.955249073894345e-05,0.0008987118494225255
0.0005355337637176429,0.0007159668024238044
5.95212914326793e-05,0.0003743451090410096
0.00011900486430106911,0.00011475430806854475
0.0005949931221990814,4.940479996120781e-05
5.950778725534109e-05,0.0001473804005176669
0.00035703741030629604,0.0007277550179174892
0.0001785466448303995,0.0008334596645242812
0.0007735188122715423,0.0005306778478113366
0.00035700900496775704,0.0002503464930925269
0.0005355086180081165,0.00029334286241482145
5.953852090031771e-05,0.0006639207716397572
0.00023801578219887604,0.00033125141650962244
0.0005355481992175561,0.0009585842494659984
0.0009520412427149905,0.000957166310845486
0.0001784977503952094,1.1690892284592098e-05
5.952920767456722e-05,0.000507393386451245
0.0005949935878603689,5.723116922063342e-05
4.051253201463843e-08,0.0006808941255700281
0.00047602131984942654,0.0004903227093118814
0.0008330391723816465,0.000889370218333495
2.0023435363556927e-08,0.00033653387815530127
0.00041655218248095,0.0009925309573265402
0.00017855502673357494,0.0009743343111939422
0.0008330079730753824,0.000365003477951979
0.0005950410853116964,0.0008555208336820457
0.000654511154002748,0.00036896532418623815
0.0005355044270565288,0.00022290553907999095
0.000654538628018712,0.0008307211104923492
0.00047603622101062733,0.000740766525613501
0.0008330061104302323,0.0003336980009142766
0.0003570192495160826,0.00042252661679989035
0.0001785354689594989,0.0006456268022980666
0.0005950094203441448,0.0003233277240411042
0.0004165391439648993,0.0007733926180626231
0.0008924915459437722,0.00010541267697951415
0.0009520314638279525,0.0007928125563975482
0.0005950378256826838,0.0008007362488660665
0.000595013145634445,0.0003859386781165091
0.00041650421936833496,0.00018641492360570232
0.0007735290568198678,0.0007028579715187
0.0006544929932125346,6.373692306863932e-05
0.0009520291355215149,0.0007536807101004201
0.00035702018083865763,0.00043817935531874157
0.0008330019194786446,0.0002632606775794461
0.0008330331187849087,0.000787627417960962
5.820766094057246e-08,0.0009782961574282014
0.00017854524784653692,0.0008099805567460044
0.00047599524281732516,5.204603078404722e-05
5.5413693215424983e-08,0.0009313379418716477
0.00041650375370704744,0.0001785885543462767
0.0006545451472767373,0.0009402902801243077
0.00029751611887361674,0.00035340990887647956
4.470348360235965e-08,0.0007513314489048586
0.0008329930719141816,0.00011455966165035947
0.0004165256397875611,0.0005464279095392804
0.00047604646555895287,0.0009129466493208644
0.0005354997704436536,0.00014464184648573485
0.0008330224085752957,0.000607620924994173
0.0004165102729650728,0.00028815772397823526
0.0008924882863147595,5.062809216353488e-05
0.00047602364815586416,0.0005294545556090095
0.0007139900702582626,3.111083061951717e-05
0.0009520323951505275,0.0008084652949163994
0.0005355402829756682,0.000825535972055763
0.0003570043483548818,0.0001720828004982708
0.0003570220434838077,0.000469484832356444
0.000654491596228672,4.025781529036249e-05
0.0005950476045697218,0.0009650900033140043
0.00017855362974971236,0.0009508552034156654
5.9517566142379104e-05,0.00031173415496560473
0.0001785070636209599,0.00016821827747310432
0.0006545265208252363,0.0006272355097472833
5.950825291662861e-05,0.0001552067697770925
0.00029752217247035456,0.0004551527092490125
0.000594995450505519,8.853664625833586e-05
0.00035701086761290714,0.00028165197013022935
0.0004165158609005231,0.0003820741550913426
5.950685593276604e-05,0.00013172766199881568
0.00047599291451088754,1.2914184486919169e-05
0.0009519960735701006,0.00019800849268120178
0.0009520296011828024,0.0007615070793598458
0.00041652703677142367,0.0005699070173175572
0.0007139937955485628,9.372178469492206e-05
0.00029749516411567813,1.2232922023270709e-06
0.0005355160685887169,0.0004185647705656312
0.0008925111037178482,0.0004341201858753898
0.0008330321874623337,0.0007719746794421108
0.0005354993047823661,0.00013681547722630923
0.0009520282041989398,0.0007380279715815689
0.00017853453763692385,0.0006299740637792154
0.0005355421456208183,0.0008568414490934654
0.00035700341703230674,0.00015643006197941958
0.00035704532654818395,0.0008608032953277246
0.0004760469312202404,0.00092077301858029
0.00029752543209936723,0.0005099372940649918
0.0005949926565377939,4.1578430701782196e-05
0.00035703973861273366,0.0007668868642146172
0.0004165219144972609,0.00048381695546387553
5.950871857791614e-05,0.00016303313903651812
0.00023801997315046376,0.00040168873984445293
0.0007140417586611778,0.00089983781841576
0.0007735439579810686,0.0009533017878203195
0.0005355020987500912,0.0001837736927828629
0.00041654752586807475,0.0009142672647322841
0.0001785242930885983,0.0004577939400718519
0.00035705091448363425,0.0009547197264408319
0.0004165447319003496,0.0008673090491757305
0.0007140231322096768,0.0005867830480387355
0.0009519984018765382,0.00023714033897832983
5.955807867439374e-05,0.0009926282805356329
0.0008925138976855734,0.0004810784014319435
0.00017849914737907199,3.517000006286893e-05
0.0007140040400968883,0.0002659019084022855
0.00011903373530089563,0.0005999892021529326
0.0004759998994302004,0.00013030972337830333
0.000595022924521483,0.0005502924325644469
0.00011903559794604573,0.0006312946791906351
2.3748725663753564e-08,0.00039914483223070616
0.0008330442946558093,0.0009754602801871767
0.0007140254605161145,0.0006259148943358636
0.0005355472678949811,0.0009429315109471472
0.0007140147503065014,0.00044590840136907455
0.000476011075301101,0.000318142585604518
0.00011902721604287029,0.0004904200325209741
0.0002975268290832298,0.0005334164018432686
0.00035704905183848415,0.0009234142494031294
0.0007735048424329166,0.00029588677002856823
0.0005950392226665463,0.0008242153566443433
0.0009520137686990266,0.000495410524539375
1.3038516050688231e-08,0.0002191383392639171
0.00011902907868802039,0.0005217255095586765
0.00029753940193799296,0.0007447283718477601
3.399327398929432e-08,0.0005713249559380696
0.0006545251238413738,0.0006037564019690065
0.0004760506565105406,0.000983383972655695
0.0008330000568334945,0.00023195520054174364
5.9533864287442465e-05,0.0005856570790455011
0.0007734959948684536,0.00014718575409948162
0.000892486889330897,2.7148984385258045e-05
0.0001785564237174375,0.000997813418972219
0.000654539559341287,0.0008463738490112004
0.000773513224336092,0.00043676141669822923
0.0008330037821237947,0.0002945661546171485
0.0008924892176373346,6.62808306823861e-05
0.0008925087754114106,0.00039498833957826176
0.0002380092629408507,0.00022168224687766388
1.2107193475639072e-08,0.00020348560074506588
0.00011902116244613247,0.00038867723214844113
0.00017854897313683712,0.0008725915108214093
0.0002975398675992805,0.0007525547411071857
0.0008924989965243726,0.00023063458513032393
0.0004760050217043632,0.00021639978523198505
0.0008330219429140081,0.0005997945557347473
5.950266498117832e-05,6.129033866398518e-05
0.00047600828133337585,0.00027118437004796433
0.0009520286698602273,0.0007458543408409945
0.00023804418753741504,0.0008086599413345847
0.000892496668217935,0.00019150273883319587
5.867332222809704e-08,0.000986122526687627
0.000833029859155896,0.0007328428331449827
0.0002975095996155914,0.000243840739244521
0.00011905748402655939,0.0009991340343836388
0.00011900719260750673,0.0001538861543656728
0.00017850939192739753,0.00020735012377023237
0.0004760320300590396,0.0006703292022786705
5.9504527626328416e-05,9.259581570168762e-05
0.0005950098860054323,0.0003311540933005298
0.0004759994337689129,0.00012248335411887772
0.0003570294940644081,0.0005947067405072538
0.0004760473968815279,0.0009285993878397156
0.0007735150869812421,0.00046806689373593167
0.0009520170283280392,0.0005501951093553543
0.00023801531653758852,0.0003234250472501968
0.0007735234688844175,0.0006089415404055927
3.073364497662226e-08,0.0005165403711220903
0.00029755244045404365,0.0009638667111116772
0.0009520119060538765,0.00046410504750167255
0.00047601759455912634,0.00042771175523647655
0.0006545372310348494,0.0008072420027140724
0.00017851917081443554,0.0003717038782181702
0.00011900393297849406,9.910156954969353e-05
0.0006545362997122744,0.0007915892641952211
0.00023804046224711484,0.0007460489872591798
0.00011905655270398434,0.0009834812958647876
0.0006545023064382851,0.00022026430825715154
0.00041650747899734763,0.0002411995084216816
0.0008330112327043951,0.0004197880627679583
0.00041653029640043634,0.0006246916021335365
0.00047604786254281544,0.0009364257570991413
0.0008329949345593317,0.00014586513868806192
0.0009520086464248638,0.00040932046268569327
0.0007735160183038171,0.0004837196322547829
5.4482370640375824e-08,0.0009156852033527965
0.00047603854931706495,0.000779898371910629
0.0003570257687741079,0.0005320957864318489
0.00059501407695702,0.0004015914166353603
5.9499405352165646e-05,6.505753848005903e-06
0.00017852708705632346,0.0005047521556284056
0.0009520337921343901,0.0008319444026946763
0.00041652657111013614,0.0005620806480581316
5.954178052933038e-05,0.0007187053564557365
0.0008330428976719467,0.0009519811724088998
0.0008925232109113239,0.0006376057866204557
5.587935450294956e-09,9.391643111310733e-05
0.00023800041537638773,7.298123094857728e-05
0.0008329874839787313,2.0643230537252142e-05
0.0008329958658819068,0.00016151787720691314
0.0004164990970941722,0.0001003248617520206
0.0001190388575750584,0.0006860792640066143
0.0005950247871666331,0.0005815979096021493
0.0006544981154866973,0.00014982698492232104
0.00023801159124728832,0.00026081409317479194
0.0009519881573282127,6.496021527096639e-05
0.0005355323667337803,0.0006924876946455276
0.0009519970048926757,0.000213661231200053
0.0006545018407769975,0.00021243793899772593
0.0007735104303683669,0.00038980320114167556
0.0008330228742365832,0.0006154472942535986
0.0007140100936936262,0.00036764470877481844
0.0008925017904920977,0.0002775928006868776
0.0005355146716048544,0.0003950856627873544
0.0008925395090563872,0.0009115287107003521
0.0004165181892069607,0.00042120600138847064
0.0005355286414434801,0.0006298767405701227
0.0004760106096398135,0.0003103162163450924
0.00023805536340831563,0.0009964928035607994
0.00041649816577159714,8.467212323316937e-05
5.72763383655233e-08,0.0009626434189093501
0.000714026857499977,0.0006493940021141404
0.000297502149034991,0.00011861883109371123
3.259629012672058e-08,0.0005478458481597928
0.0007139993834840131,0.0001876382158080294
0.0003570457922094715,0.0008686296645871502
5.9550162432505825e-05,0.0008595800031253975
0.000594994519182944,7.288390773948464e-05
0.0008924920116050597,0.00011323904623893976
0.00047604832820410297,0.0009442521263585669
0.0007140408273386028,0.0008841850798969088
0.0002975100652768789,0.0002516671085039466
0.0008924906146211972,8.975993846066293e-05
0.0005949996414571068,0.00015897396959316636
0.00023802928637621425,0.0005582161250329652
0.0007734973918523162,0.00017066486187775846
2.5145709526327303e-08,0.000422623940008983
0.00023800693463441307,0.00018255040058053583
0.0007140184755968016,0.0005085193554444794
0.0002975231037929296,0.0004708054477678637
5.9543177513192956e-05,0.0007421844642340133
0.0005355132746209918,0.00037160655500907756
0.00011901138355909445,0.0002243234777005033
0.00017853593462078643,0.0006534531715574922
0.00041652889941657376,0.0006012124943552597
0.0009520361204408277,0.0008710762489918043
3.026798368909768e-08,0.0005087140018626647
0.00017852149912087317,0.00041083572451529825
0.0007735183466102548,0.000522851478551911
0.0002975529061153312,0.0009716930803711028
5.913898351562162e-08,0.0009939488959470526
0.0004760054873656507,0.00022422615449141066
0.0009520240132473521,0.0006675906482467384
0.0006545311774381116,0.0007054992023415394
0.0005355230535080298,0.0005359603094570154
0.000476001296414063,0.00015378883115658016
0.00023803533997295207,0.0006599589254054981
5.951523783594148e-05,0.0002726023086684767
0.0003570048140161693,0.0001799091697576964
0.00023805396642445306,0.0009730136957825225
0.0005950485358922968,0.0009807427418328555
0.0005355430769433934,0.0008724941876123167
0.00035699782909685645,6.251363086631225e-05
0.0008925315928144993,0.0007784804332901167
0.00023800507198926298,0.00015124492354283339
0.0005950457419245717,0.0009337845262763018
0.0003570425325804588,0.0008138450797711709
0.00029751798151876683,0.000384715385914182
0.0002975245007767922,0.0004942845555461406
0.0005950382913439713,0.0008085626181254921
5.95478341260682e-05,0.0008204481568282694
0.0002975361423089803,0.0006899437870317808
0.0007140026431130258,0.00024242280062400866
0.0007735053080942041,0.00030371313928799384
0.0008330270651881709,0.0006858846175884291
0.00023799715574737506,1.8196646132598e-05
0.00023800460632797545,0.00014341855428340777
0.0001784996130403595,4.299636932229454e-05
5.952594804555455e-05,0.0004526088016352657
0.0007734955292071661,0.00013935938484005601
5.951616915851653e-05,0.0002882550471873279
0.0005355244504918924,0.0005594394172352922
0.0004165032880457599,0.0001707621850868511
0.000297511927922029,0.00028297258554164906
0.0009520365861021153,0.0008789026182512299
0.0001190179028171198,0.00033389264733246185
0.0001190104522365194,0.00020867073918165208
0.00017851172023383515,0.0002464819700673604
0.0007140464152740531,0.000978101511010016
0.0002975058743252912,0.00018122978516911612
0.0009520095777474388,0.0004249732012045445
0.0007140031087743133,0.0002502491698834343
1.396983862573739e-08,0.00023479107778276833
0.00017853081234662366,0.0005673631097038105
0.0005950010384409693,0.0001824530773714432
0.0009520174939893268,0.0005580214786147799
0.0006545376966961369,0.000815068371973498
0.0005950289781182208,0.0006520352329369798
0.00011902861302673286,0.0005138991402992509
0.0007735257971908552,0.0006480733867027207
0.00017851032324997258,0.0002230028622890836
0.0004759924488496,5.087815227493558e-06
0.0001785410568949492,0.0007395432334111739
0.0007140194069193766,0.0005241720939633307
0.0005950178022473202,0.0004642023707107652
0.0003569973634355689,5.468726160688664e-05
5.9532001642292366e-05,0.0005543516020077987
0.0009520356547795402,0.0008632498797323787
0.00011901836847840732,0.00034171901659188746
0.000773512293013517,0.000421108678179378
0.0006545051004060102,0.0002672225238137052
0.0004165028223844724,0.00016293581582742548
0.0005355235191693173,0.000543786678716441
5.952036011010425e-05,0.0003586923705221584
0.00029750680564786624,0.00019688252368796734
0.0005355058240403914,0.0002463846468582678
0.0008330089043979574,0.00038065621647083024
5.954038354546781e-05,0.0006952262486774597
0.0003570085393064695,0.0002425201238331013
0.0004165368156584617,0.0007342607717654951
0.00041651912052953575,0.00043685873990732186
5.950592461019099e-05,0.00011607492347996446
0.00035702670009668297,0.0005477485249507001
0.0007140422243224654,0.0009076641876751856
0.0006545409563251496,0.0008698529567894772
0.0008329902779464565,6.760144609380581e-05
5.950219931989079e-05,5.346396940455957e-05
0.0005950173365860327,0.0004563760014513396
0.0009520091120861513,0.0004171468319451189
0.0006544967185028348,0.0001263478771440442
0.0007735057737554916,0.00031153950854741945
0.0006545404906638621,0.0008620265875300516
0.0005354913885404781,3.7671998160738497e-06
0.00029753707363155534,0.000705596525550632
0.000297549180825031,0.0009090821262956979
0.0008925125007017108,0.00045759929365366664
0.0004164977001103096,7.684575397374376e-05
0.0004165084103199227,0.0002568522469405328
0.000238053035101878,0.0009573609572636713
5.9534795610017514e-05,0.0006013098175643523
0.0006544995124705599,0.00017330609270059787
0.0008925120350404233,0.00044977292439424103
0.00017854757615297454,0.0008491124030431325
0.0005950126799731574,0.00037811230885708346
0.0009520235475860646,0.0006597642789873128
0.000654492527551247,5.591055380921371e-05
5.954643714220563e-05,0.0007969690490499926
5.953619259388009e-05,0.0006247889253426292
0.0005355319010724928,0.000684661325386102
0.000892487820653472,4.280172290410927e-05
0.0009520151656828891,0.0005188896323176518
0.0008925390433950997,0.0009037023414409265
0.00023801624786016357,0.00033907778576904805
0.0007140389646934527,0.0008528796028592063
0.0008330130953495452,0.00045109353980566074
0.0006545176732607734,0.0004785344938181967
0.0008925106380565607,0.0004262938166159642
0.0007140003148065881,0.0002032909543268806
5.9544108835768005e-05,0.0007578372027528645
2.4680048238802724e-08,0.0004147975707495574
5.9516634819804055e-05,0.0002960814164467535
3.492459656434348e-08,0.0005869776944569208
0.0005355342293789304,0.00072379317168323
0.0006545060317285853,0.0002828752623325564
0.00017851125457254763,0.0002386556008079348
0.0008330009881560695,0.00024760793906059486
0.0008925385777338122,0.0008958759721815009
0.0009520272728763648,0.0007223752330627177
0.0007735444236423561,0.0009611281570797452
0.00047599663980118774,7.552513856232406e-05
0.00047603948063964,0.0007955511104294803
0.00011900300165591901,8.34488310308423e-05
0.000832999591172207,0.00022412883128231803
0.00011904723947823385,0.0008269539106762753
0.0001190444455105087,0.0007799956951197217
0.0008924934085889223,0.0001367181540172166
0.00017850287266937218,9.778095413827382e-05
5.955202507765592e-05,0.0008908854801630999
0.0002975459211960183,0.0008542975414797187
0.00035702856274183307,0.0005790540019884026
0.000773503445449054,0.0002724076622502914
1.3504177338212811e-08,0.00022696470852334272
0.0006545283834703864,0.0006585409867849857
0.0008925013248308102,0.000269766431427452
0.0006545055660672977,0.0002750488930731308
0.0004760073500108008,0.0002555316315291131
0.000714025926177402,0.0006337412635952892
0.0008925213482661738,0.0006063003095827533
0.0006545213985510736,0.0005411454478936016
4.796311261503171e-08,0.0008061160337208379
0.0001785014756855096,7.430184635999698e-05
0.00047602504513972674,0.0005529336633872863
5.953945222289276e-05,0.0006795735101586084
0.00023804977547286534,0.000902576372447692
0.0006545274521478114,0.0006428882482661345
0.0002975421959057181,0.0007916865874043138
0.0004760511221718281,0.0009912103419151205
5.9554353384093546e-05,0.000930017326460228
3.5390257851868057e-08,0.0005948040637163464
5.9538055239030186e-05,0.0006560944023803316
0.0007735253315295676,0.0006402470174432951
0.00017853407197563633,0.0006221476945197897
0.0004760487938653905,0.0009520784956179925
0.0004165275024327112,0.0005777333865769829
3.8649886864540114e-08,0.0006495886485323257
0.0006545125509866106,0.000392444431964515
0.0008924896832986221,7.410719994181171e-05
0.00011900672694621921,0.0001460597851062472
0.00011902535339772019,0.0004591145554832716
0.00035705324279007187,0.00099385157273796
0.0005354965108146409,8.985726166975557e-05
0.0008925241422338989,0.0006532585251393069
0.0006544897335835219,8.952338252660045e-06
1.490116120078655e-08,0.00025044381630161955
0.0007140319797741398,0.0007354840639678221
0.00017852941536276108,0.0005438840019255336
0.0007735011171426164,0.00023327581595316334
0.00035704346390303386,0.0008294978182900221
0.0005950406196504089,0.0008476944644226201
0.0002974960954382532,1.6876030721178293e-05
0.0005950164052634576,0.00044072326293248835
0.00023799669008608753,1.037027687317239e-05
0.0007735448893036437,0.0009689545263391708
0.00029754312722829316,0.000807339325923165
0.0007735039111103415,0.000280234031509717
0.0004760432059299402,0.0008581620645048851
0.00023801950748917624,0.0003938623705850273
0.00047600222773663803,0.00016944156967543139
0.00011903932323634593,0.00069390563326604
0.0007735020484651914,0.00024892855447201457
0.00023802230145690139,0.000440820586141581
0.0006545302461155365,0.0006898464638226882
0.0009520081807635763,0.00040149409342626766
0.0004760036247205006,0.00019292067745370822
0.0008330345157687713,0.0008111065257392388
0.0006545400250025746,0.000854200218270626
0.00047599477715603764,4.421966152462161e-05
0.0007139979865001505,0.00016415910802975255
0.0003570010887258691,0.00011729821568229153
0.0001190481708008089,0.0008426066491951266
0.0007735178809489672,0.0005150251092924853
0.0007735108960296544,0.0003976295704011012
0.00029752776040580485,0.0005490691403621198
0.0007140315141128523,0.0007276576947083965
0.00029753334834125515,0.0006429855714752272
0.0005950075576989947,0.00029202224700340174
0.0007139928642259877,7.806904617607083e-05
5.9551093755080874e-05,0.0008752327416442487
0.00011903140699445801,0.0005608573558558046
0.0007140133533226388,0.0004224292935907977
5.9511512545641285e-05,0.00020999135459307179
0.00017851404854027277,0.0002856138163644885
0.00011900113901076891,5.214335399313986e-05
0.00011901510884939465,0.0002869344317759082
0.0008925264705403366,0.000692390371436435
0.0008925418373628249,0.0009506605569974801
0.0007735388357069059,0.0008672117259666378
0.0006545116196640356,0.00037679169344566376
0.00023805163811801543,0.0009338818494853945
4.563480617740881e-08,0.0007669841874237099
0.0007734997201587538,0.0002097967081748865
0.00023802602674720158,0.0005034315402169859
0.0008924985308630851,0.00022280821587089832
0.000357027631419258,0.0005634012634695513
0.00011901324620424455,0.00025562895473820574
0.00035700714232260694,0.00021904101605482447
0.00023801391955372594,0.00029994593947192
0.0006544939245351096,7.938966158749054e-05
0.0009520128373764515,0.00047975778602052377
0.0004760241138171517,0.0005372809248684351
0.00023803813394067722,0.0007069171409620518
0.0009520333264731026,0.0008241180334352506
0.00011901697149454475,0.00031823990881361063
0.00029755430309919375,0.0009951721881493797
0.0002380413935696899,0.000761701725778031
0.0009519942109249505,0.00016670301564349933
5.955388772280602e-05,0.0009221909572008024
0.00011903094133317049,0.000553030986596379
0.00023800134669896278,8.86339694674285e-05
0.0008329972628657693,0.00018499698498518997
0.0006545418876477247,0.0008855056953083285
0.0008330265995268834,0.0006780582483290035
0.0005355416799595308,0.0008490150798340398
0.0007140338424192899,0.0007667895410055246
7.916241887917855e-09,0.00013304827741023539
0.000297520775486492,0.00043167360147073567
0.0005950471389084343,0.0009572636340545787
4.237517716473675e-08,0.0007121996026077306
0.0003570513801449218,0.0009625460957002575
0.0008329879496400188,2.8469599796677753e-05
0.0002975286917283799,0.0005647218788809711
0.00047599896810762536,0.00011465698485945211
0.00017855595805614998,0.0009899870497127935
0.00035701505856449486,0.00035208929346505985
0.00011903606360733326,0.0006391210484500607
5.954131486804286e-05,0.0007108789871963109
0.0003570476548546216,0.0008999351416248526
0.00023802882071492673,0.0005503897557735395
0.0008925311271532118,0.0007706540640306911
0.0007140189412580891,0.000516345724703905
0.00041652517412627357,0.0005386015402798548
0.00035702995972569564,0.0006025331097666794
0.000773531850787593,0.0007498161870752537
0.0009520431053601406,0.0009884717878831885
0.00011901929980098237,0.0003573717551107387
3.7252903001966375e-08,0.0006261095407540489
0.0005950350317149586,0.0007537780333095128
0.00029749562977696565,9.049661461752682e-06
0.00011905515572012177,0.0009600021880865107
5.955295640023097e-05,0.0009065382186819512
0.0005355174655725795,0.00044204387834390806
0.0005949917252152188,2.5925692182930974e-05
0.000416495371803872,3.771390767661571e-05
0.0007139998491453006,0.000195464585067455
0.0008330163549785578,0.00050587812462164
0.00011903001001059544,0.0005373782480775277
5.634501579047414e-08,0.0009469906803904989
0.0008925343867822245,0.0008254386488466704
0.00035701831819350753,0.00040687387828103913
0.0006544990468092724,0.00016547972344117226
0.0007735216062392674,0.0005776360633678902
0.0007140166129516515,0.000477213878406777
5.952455106169197e-05,0.0004291296938569889
0.0007735276598360053,0.0006793788637404232
0.0006545097570188855,0.0003454862164079613
0.0005950280467956458,0.0006363824944181286
0.00071403570506444,0.000798095018043227
0.0002974988894059783,6.383424627773196e-05
0.00011904165154278355,0.000733037479563168
1.9557774076032347e-08,0.00032870750889587566
0.0008925027218146728,0.0002932455392057288
3.306195141424516e-08,0.0005556722174192184
0.0008330014538173571,0.00025543430832002047
0.000476029701752602,0.0006311973559815424
5.950313064246584e-05,6.911670792341079e-05
0.000595005229392557,0.0002528904007062737
0.0008330405693655091,0.0009128493261117718
1.0244548325540753e-08,0.00017218012370736344
5.9506390271478514e-05,0.00012390129273939007
5.952548238426702e-05,0.0004447824323758401
0.0009519974705539632,0.0002214876004594786
5.952641370684207e-05,0.00046043517089469133
0.000952013303037739,0.0004875841552799494
0.0001190463081556588,0.0008113011721574241
0.00029752589776065475,0.0005177636633244174
0.0008925227452500364,0.0006297794173610301
0.00017851730816928544,0.00034039840118046776
0.0009520216849409145,0.0006284588019496104
0.000357036478983721,0.000712102279398638
1.8160790213458608e-08,0.0003052284011175988
0.0001785317436691987,0.0005830158482226617
0.00011900858959136931,0.00017736526214394963
0.0008329926062528941,0.00010673329239093386
0.0003570253031128204,0.0005242694171724233
0.0007140394303547402,0.0008607059721186319
0.0002975077369704413,0.00021253526220681856
1.8626451500983188e-09,3.1305477037702444e-05
0.0007140124220000638,0.0004067765550719465
0.0009519914169572254,0.00011974480008694567
0.000595003366747407,0.00022158492366857125
0.0005950019697635444,0.00019810581589029441
0.0007735262628521427,0.0006558997559621463
0.0008330242712204458,0.0006389264020318754
0.00023802183579561386,0.0004329942168821554
0.0001785107889112601,0.0002308292315485092
0.0008925362494273746,0.0008567441258843728
0.0006545269864865239,0.0006350618790067089
0.0002975477838411684,0.0008856030185174211
5.953107031971732e-05,0.0005386988634889474
0.0008925148290081484,0.0004967311399507947
0.0003570229748063828,0.00048513757087529524
4.610046746493339e-08,0.0007748105566831355
0.0008330312561397586,0.0007563219409232596
0.0007139891389356876,1.5458092100665947e-05
0.0005355370233466555,0.0007707513872397837
0.0007140263918386895,0.0006415676328547148
0.0004165461288842122,0.0008907881569540073
0.0008925376464112371,0.0008802232336626496
1.9092112788507767e-08,0.00032088113963645005
0.00011905375873625919,0.0009365230803082339
0.0002975282260670924,0.0005568955096215454
0.00047603109873646456,0.0006546764637598193
0.000833009370059245,0.00038848258573025585
0.000595031772085946,0.0006989934484935335
0.0003570388072901586,0.000751234125695766
0.0008330177519624204,0.0005293572323999169
0.0007140296514677022,0.0006963522176706941
0.0007735225375618425,0.0005932888018867414
0.0004760264421235893,0.0005764127711655632
0.0006545088256963104,0.0003298334778891101
0.00029754824950245593,0.0008934293877768467
0.0009520268072150772,0.0007145488638032921
0.0005355444739272559,0.0008959732953905935
0.00035703601332243346,0.0007042759101392123
0.0005355500618627062,0.0009898897265037008
0.00011902255942999504,0.00041215633992671796
8.381903175442434e-09,0.000140874646669661
0.0003570006230645816,0.00010947184642286592
0.0007139919329034127,6.241630765721961e-05
0.000357008073645182,0.0002346937545736757
0.0008925371807499496,0.000872396864403224
0.0007735136899973795,0.00044458778595765484
0.0003570173868709325,0.0003912211397621879
0.0005355332980563554,0.0007081404331643788
5.951197820692881e-05,0.0002178177238524974
5.9548299787355726e-05,0.000828274526087695
0.0007735267285134302,0.0006637261252215719
0.0007140287201451271,0.0006806994791518429
0.0001785522327658498,0.0009273760956373886
0.0006545423533090122,0.0008933320645677541
0.0007735118273522294,0.0004132823089199524
0.0009520160970054642,0.000534542370836503
0.0005950438792794216,0.0009024790492385994
2.887099982652394e-08,0.0004852348940843879
0.0007735164839651047,0.0004915460015142085
0.0004760203885268515,0.0004746699707930302
0.00041650934164249773,0.00027250498545938404
0.00023805350076316553,0.0009651873265230969
0.00011900160467205644,5.996972325256547e-05
4.889443519008087e-08,0.0008217687722396891
0.00011899927636561882,2.0837876955437417e-05
0.00035701133327419466,0.00028947833938965497
0.00029751053093816644,0.00025949347776337223
0.0001190141775268196,0.00027128169325705697
0.0008925041187985354,0.00031672464698400565
0.000476049259526678,0.0009599048648774181
3.119930626414684e-08,0.0005243667403815159
0.00029754638685730583,0.0008621239107391443
0.00047604041196221505,0.0008112038489483315
0.0005950345660536711,0.0007459516640500872
2.5611370813851883e-08,0.0004304503092684086
0.00023800088103767525,8.080760020800289e-05
0.0008924994621856601,0.00023846095438974954
0.0003570439295643214,0.0008373241875494477
5.949987101345317e-05,1.4332123107431514e-05
0.00017853686594336148,0.0006691059100763434
3.7718564289490955e-08,0.0006339359100134745
5.954084920675533e-05,0.0007030526179368853
0.0003570104019516196,0.00027382560087080374
0.00011904118588149603,0.0007252111103037424
0.0004760115409623885,0.0003259689548639436
4.377216102731049e-08,0.0007356787103860074
0.00047601945720427644,0.000459017232274179
0.0004165223801585484,0.0004916433247233011
0.0009520058524571386,0.0003623622471291396
0.00023803114902136435,0.0005895216020706676
0.0007140082310484761,0.000336339231737116
0.00023803906526325227,0.000722569879480903
0.0007139910015808376,4.676356913836839e-05
4.656612875245797e-09,7.826369259425611e-05
0.000535507221024254,0.0002698637546365446
0.0004165298307391488,0.0006168652328741109
0.0005950368943601087,0.0007850835103472152
0.000714007299725901,0.00032068649321826477
0.0005355067553629664,0.000262037385377119
0.00035700760798389446,0.00022686738531425008
0.0007140128876613513,0.0004146029243313721
0.0007734890099491407,2.979021520809746e-05
0.0008330028508012196,0.0002789134160982973
0.00023800646897312555,0.00017472403132111022
0.0009520305325053774,0.000777159817878697
5.952734502941712e-05,0.00047608790941354256
0.0007139989178227256,0.00017981184654860378
0.0007735332477714556,0.0007732952948535305
0.00017854617916911197,0.0008256332952648556
0.0008330158893172703,0.0004980517553622144
0.0006545223298736486,0.0005567981864124528
0.0006545307117768241,0.0006976728330821138
0.00011903792625248336,0.0006704265254877631
0.00017850194134679713,8.21282156194226e-05
0.0005950224588601955,0.0005424660633050213
0.0008330121640269701,0.0004354408012868095
0.0006545246581800862,0.0005959300327095809
0.0009520077151022887,0.00039366772416684205
0.0007735281254972928,0.0006872052329998488
0.000713997520838863,0.00015633273877032694
2.0954757938606086e-08,0.0003521866166741525
5.954690280349315e-05,0.0008047954183094182
0.0008925269362016241,0.0007002167406958606
0.00011903978889763345,0.0007017320025254656
0.0001785429195400993,0.0007708487104488764
0.0007139886732744,7.631722841240337e-06
0.0002380320803439394,0.0006051743405895188
0.0007735062394167791,0.00031936587780684506
0.0005354960451533534,8.203089241032996e-05
0.0002975040116801411,0.00014992430813141368
0.00017852755271761099,0.0005125785248878312
0.0007140282544838396,0.0006728731098924173
0.0002975212411477795,0.0004394999707301613
0.0009519872260056377,4.930747675211517e-05
0.00023803301166651445,0.00062082707910837
0.000951993745263663,0.00015887664638407372
0.0008925283331854867,0.0007236958484741374
0.00029753381400254267,0.0006508119407346528
0.0002975300887122425,0.0005882009866592479
0.0005355426112821058,0.000864667818352891
0.0007735304538037304,0.0007263370792969768
0.00023802742373106416,0.0005269106479952627
0.00029751984416391693,0.00041602086295188445
0.0005355128089597043,0.00036378018574965195
5.953526127130504e-05,0.0006091361868237779
0.0006545148792930482,0.00043157627826164303
0.0002380129882311509,0.00028429320095306877
2.1420419226130666e-08,0.0003600129859335781
0.0004165205175133983,0.0004603378476855987
0.00017852243044344821,0.0004264884630341495
0.0009520007301829759,0.0002762721852754579
0.000892526004879049,0.0006845640021770094
0.0005950024354248319,0.00020593218514972002
0.0005950038324086945,0.00022941129292799686
0.00029750354601885357,0.00014209793887198807
0.0009520263415537897,0.0007067224945438665
0.0006545106883414605,0.00036113895492681253
0.0008329888809625939,4.4122338315528975e-05
0.0008925069127662605,0.0003636828625405593
0.0004759961741399002,6.769876930289844e-05
0.0007735411640133435,0.0009063435722637659
0.0006544957871802597,0.00011069513862519299
0.00011904491117179622,0.0007878220643791473
0.00029752403511550465,0.00048645818628671495
0.00023803487431166455,0.0006521325561460725
1.1641532188114492e-08,0.00019565923148564027
0.0005950448106019966,0.0009181317877574506
0.00041652098317468585,0.0004681642169450243
0.0008329870183174438,1.2816861277826531e-05
0.000654520932889786,0.000533319078634176
0.0008330326531236212,0.0007798010487015364
0.0008925190199597362,0.0005671684632856252
0.0005950299094407958,0.0006676879714558311
0.0007139965895162879,0.00014068000025147572
0.00029751285924460406,0.0002986253240605003
0.0006545064973898728,0.00029070163159198204
0.00035702437179024535,0.0005086166786535721
0.00041649676878773457,6.119301545489254e-05
0.0006545237268575112,0.0005802772941907296
0.00011904677381694632,0.0008191275414168497
5.954271185190543e-05,0.0007343580949745877
0.00011900952091394436,0.00019301800066280086
0.0002975193785026294,0.00040819449369245884
0.0003570122645967697,0.0003051310779085062
5.954736846478068e-05,0.0008126217875688438
5.2154064202752926e-08,0.0008765533570556684
0.0008925409060402498,0.0009350078184786289
0.000714045483951478,0.0009624487724911649
0.00035703368501599584,0.0006651440638420843
0.0002975170501961918,0.0003690626473953308
0.0008329884153013064,3.6295969056103364e-05
0.0008329944688980442,0.0001380387694286363
0.0002380395309245398,0.0007303962487403286
0.0004165489228519373,0.000937746372510561
0.0007139905359195501,3.893719987894278e-05
0.00047603296138161466,0.0006859819407975217
0.0007735094990457918,0.00037415046262282434
5.953432994872999e-05,0.0005934834483049267
5.4948031927900404e-08,0.0009235115726122221
5.9538986561605235e-05,0.0006717471408991828
0.0002974965610995407,2.4702399980603904e-05
0.00011904537683308375,0.0007956484336385729
0.0009520370517634028,0.0008867289875106555
0.0009520105090700139,0.0004406259397233957
0.00041653076206172386,0.0006325179713929621
4.842877390255629e-08,0.0008139424029802635
0.00017851870515314802,0.0003638775089587446
0.000833028927833321,0.0007171900946261315
0.00047605019084925307,0.0009755576033962693
0.000833027996510746,0.0007015373561072803
0.0003570504488223467,0.0009468933571814063
0.0006545442159541623,0.0009246375416054565
0.00023801065992471327,0.0002451613546559407
0.00041651958619082327,0.0004446851091667475
0.00023804884415029029,0.0008869236339288408
0.0009520375174246903,0.0008945553567700811
0.0007140110250162012,0.00038329744729366966
0.00047602877043002693,0.0006155446174626912
0.0004760408776235026,0.0008190302182077571
0.0007140375677095901,0.0008294004950809295
0.00029753567664769277,0.0006821174177723552
0.00023801811050531366,0.0003703832628067505
5.3551048065326665e-08,0.0009000324648339453
5.955481904538107e-05,0.0009378436957196536
0.0005950252528279206,0.000589424278861575
0.0007140310484515648,0.0007198313254489709
0.00047601573191397625,0.0003964062781987741
0.0004165242428036985,0.0005229488017610036
0.0005949982444732442,0.00013549486181488953
0.0002975189128413419,0.0004003681244330332
5.3085386777802085e-08,0.0008922060955745196
0.0001785391942497991,0.0007082377563734715
0.0006545069630511603,0.00029852800085140765
0.0001785447821852494,0.0008021541874865788
0.0008330047134463697,0.00031021889313599975
0.0004165009597393223,0.00013163033878972304
0.0005355118776371292,0.00034812744723080073
5.953339862615494e-05,0.0005778307097860755
0.00023803254600522693,0.0006130007098489444
0.00023799762140866258,2.602301539202361e-05
0.0008925185542984486,0.0005593420940261996
0.0004760371523332024,0.0007564192641323522
0.0009519951422475256,0.00018235575416235055
0.0008925031874759603,0.0003010719084651544
0.0008925101723952732,0.0004184674473565386
2.2351741801179825e-08,0.0003756657244524293
0.0009520016615055509,0.0002919249237943091
0.0008330107670431075,0.0004119616935085327
0.000416542403593912,0.0008281772028786024
0.0007735248658682801,0.0006324206481838695
0.00023802323277947643,0.0004564733246604322
0.00041651120428764783,0.0003038104624970865
0.000833020080268858,0.0005684890786970449
0.0008925246078951865,0.0006610848943987325
0.0003569950351291313,1.5555415309758585e-05
0.00047601619757526377,0.0004042326474581997
0.0007735067050780667,0.0003271922470662707
5.681067707799872e-08,0.0009548170496499245
0.00041653262470687396,0.0006638234484306646
0.0005950047637312695,0.0002450640314468481
5.95496967712183e-05,0.0008517536338659719
0.0002975473181798809,0.0008777766492579955
0.000773504376771629,0.0002880604007691426
0.0004760222511720016,0.0005059754478307327
0.000952041708376278,0.0009649926801049116
5.0757080340179186e-08,0.0008530742492773916
0.00047604274026865267,0.0008503356952454595
0.0008925306614919243,0.0007628276947712655
0.0008330172863011329,0.0005215308631404912
0.00029754079892185554,0.0007682074796260369
0.0007140054370807509,0.00028938101618056233
0.0006545479412444625,0.0009872484956808614
0.0004759980367850503,9.900424634060089e-05
0.0005355016330888037,0.0001759473235234373
0.0004760148005914012,0.0003807535396799229
0.0006545316430993991,0.000713325571600965
0.000654528849131674,0.0006663673560444114
0.0003569968977742814,4.686089234746103e-05
0.0006545027720995726,0.00022809067751657715
0.0007735029797877665,0.0002645812929908658
0.0005355188625564421,0.0004655229861221849
0.0006545470099218874,0.0009715957571620102
0.00017854711049168702,0.0008412860337837069
5.954550581963058e-05,0.0007813163105311414
0.0009520277385376523,0.0007302016023221433
0.0004760352896880523,0.0007251137870946498
0.0008924948055727849,0.00016019726179549343
0.0007140324454354273,0.0007433104332272478
0.0002380474471664277,0.000863444526150564
0.00041652331148112347,0.0005072960632421524
0.0004760455342363778,0.0008972939108020132
0.0007735081020619292,0.0003506713548445475
0.00011900998657523188,0.00020084436992222647
0.0005950029010861194,0.00021375855440914564
0.0005950494672148719,0.0009963954803517067
0.0005950266498117832,0.0006129033866398518
5.955761301310622e-05,0.0009848019112762073
0.0008330396380429341,0.0008971965875929206
3.5855919139392636e-08,0.000602630432975772
0.0007140361707257275,0.0008059213873026526
0.0004760413432847901,0.0008268565874671827
0.0009520202879570519,0.0006049796941713335
0.00035700202004844417,0.00013295095420114275
3.44589352768189e-08,0.0005791513251974952
0.0005950452762632842,0.0009259581570168762
0.0007735313851263055,0.000741989817815828
0.0002379999497151002,6.515486168915167e-05
0.00035703228803213327,0.0006416649560638075
0.0007735453549649312,0.0009767808955985964
0.0005355039613952413,0.00021507916982056534
0.0002975114622607415,0.00027514621628222345
0.0009520249445699271,0.0006832433867655897
0.00035701273025805723,0.0003129574471679318
0.0005950354973762461,0.0007616044025689384
0.0009519886229895002,7.2786584530392e-05
0.0005355440082659684,0.0008881469261311679
0.0002380055376505505,0.000159071292802259
0.00017854338520138682,0.000778675079708302
0.0009520184253119018,0.0005736742171336311
0.000713998452161438,0.00017198547728917817
0.0002975440585508682,0.0008229920644420162
0.0005355225878467423,0.0005281339401975898
0.00017855409541099989,0.000958681572675091
0.0004760068843495133,0.0002477052622696875
6.519258025344116e-09,0.00010956916963195855
0.00011904397984922118,0.0007721693258602961
0.0004760418089460776,0.0008346829567266083
0.0007140468809353406,0.0009859278802694417
0.00077352300322313,0.0006011151711461671
0.0005949940535216565,6.505753848005903e-05
0.0005355449395885435,0.0009037996646500191
0.0005355165342500045,0.00042639113982505684
0.00017852894970147356,0.000536057632666108
0.0005355346950402179,0.0007316195409426557
5.587935450294956e-08,0.0009391643111310733
0.00041650002841674724,0.00011597760027087182
0.00041650189106189734,0.00014728307730857426
0.0007140412929998903,0.0008920114491563344
0.0002975510434701811,0.0009403876033334004
6.053596737819536e-09,0.00010174280037253294
5.9510581223066236e-05,0.00019433861607422056
0.0007734964605297411,0.00015501212335890724
0.0001785545610722874,0.0009665079419345166
5.2619725490277505e-08,0.000884379726315094
0.000773522071900555,0.0005854624326273158
0.0004165279680939987,0.0005855597558364085
0.0008925339211209369,0.0008176122795872447
0.00023800414066668793,0.00013559218502398216
0.0002975263634219423,0.000525590032583843
0.00047601433493011367,0.00037292717042049727
0.00011902209376870752,0.00040432997066729235
0.000119050033445959,0.000873912126232829
2.933666111404852e-08,0.0004930612633438135
0.0007735365074004682,0.0008280798796695098
0.000416514929577948,0.00036642141657249137
0.0005949959161668066,9.636301551776147e-05
0.000714044552628903,0.0009467960339723136
5.9528742013279694e-05,0.0004995670171918194
5.950359630375337e-05,7.69430771828364e-05
0.0008925078440888356,0.00037933560105941054
0.0008925432343466874,0.000974139664775757
0.00023805210377930296,0.0009417082187448201
0.00029750494300271615,0.0001655770466502649
0.00023802369844076396,0.0004642996939198578
0.00011900765826879426,0.0001617125236250984
0.0004760245794784392,0.0005451072941278607
1.536682248831113e-08,0.00025827018556104516
0.0008925255392177615,0.0006767376329175837
0.00047600595302693823,0.00023205252375083627
0.00023800879727956317,0.00021385587761823827
0.0008330335844461963,0.0007954537872203876
0.00011902023112355742,0.0003730244936295899
5.952827635199217e-05,0.0004917406479323938
0.0009520398457311279,0.0009336872030672092
0.0005949991757958192,0.00015114760033374075
0.0007735211405779799,0.0005698096941084646
0.00041650561635219754,0.00020989403138397915
0.0008330135610108327,0.00045891990906508635
0.00011903746059119583,0.0006626001562283375
0.0005949968474893816,0.0001120157540366127
0.0007735374387230433,0.000843732618188361
0.0007735146213199546,0.00046024052447650606
0.0002975249664380797,0.0005021109248055662
0.0003570402042740212,0.0007747132334740428
0.0007735309194650179,0.0007341634485564024
0.0005355379546692306,0.0007864041257586349
0.00041652144883597337,0.0004759905862044499
0.0009520421740375656,0.0009728190493643373
2.793967725147478e-09,4.6958215556553665e-05
0.00011900020768819386,3.649061547428864e-05
5.9557147351818693e-05,0.0009769755420167817
0.0006545330400832617,0.0007368046793792419
0.0003570290284031206,0.0005868803712478282
5.95194287875292e-05,0.00034303963200330717
0.0008925050501211104,0.00033237738550285687
0.00029751239358331654,0.0002907989548010747
0.00023803161468265188,0.0005973479713300932
0.00011900579562364416,0.00013040704658739597
0.0003570327536934208,0.0006494913253232331
0.00047599850244633784,0.0001068306156000265
0.0006545460785993124,0.000955943018643159
0.000654519070244636,0.0005020136015964735
0.0005949907938926438,1.0272953664079753e-05
0.00011902768170415782,0.0004982464017803997
1.629814506336029e-08,0.0002739229240798964
0.00041653774698103673,0.0007499135102843463
0.00035699969174200655,9.38191079040147e-05
0.0006544953215189722,0.00010286876936576738
0.00017852289610473574,0.0004343148322935751
0.0006544948558576847,9.504240010634176e-05
0.00017855316408842484,0.0009430288341562398
0.0007140156816290765,0.00046156113988792577
0.0005355090836694041,0.00030116923167424706
0.00023802416410205148,0.00047212606317928343
0.00035702623443539545,0.0005399221556912745
0.0007140371020483026,0.0008215741258215039
0.00023803999658582732,0.0007382226179997542
0.0009520179596506143,0.0005658478478742055
0.0004760376179944899,0.0007642456333917778
0.0002974998207285534,7.948698479658318e-05
0.00011901464318810713,0.0002791080625164826
0.0006545139479704732,0.0004159235397427918
1.2572854763163652e-08,0.0002113119700044915
0.00083301030138182,0.0004041353242491071
0.0008925171573145861,0.0005358629862479228
0.00011900346731720654,9.127520029026791e-05
0.0008330214772527206,0.0005919681864753217
3.6787241714441796e-08,0.0006182831714946233
0.0006545186045833484,0.0004941872323370479
0.0007140450182901905,0.0009546224032317393
0.0007140198725806642,0.0005319984632227563
0.00047601806022041387,0.00043553812449590216
0.0002975454555347308,0.000846471172220293
0.00023800274368282535,0.00011211307724570533
0.00041653960962618683,0.0007812189873220487
0.00047601200662367605,0.0003337953241233692
0.0007140114906774887,0.00039112381655309527
4.330649973978591e-08,0.0007278523411265818
0.0007140305827902772,0.0007120049561895453
0.00017854198821752425,0.0007551959719300251
0.00017850240700808466,8.99545848788482e-05
0.0005950103516667198,0.0003389804625599554
5.4016709352851244e-08,0.0009078588340933709
0.000892505515782398,0.0003402037547622825
0.0007140175442742265,0.0004928666169256282
0.0002380548977470281,0.0009886664343013738
0.000535516999911292,0.00043421750908448245
0.00011900253599463149,7.562246177141669e-05
0.0006545414219864371,0.0008776793260489029
0.0007140059027420384,0.00029720738543998794
0.0008329898122851689,5.97750768343802e-05
0.0007735341790940306,0.0007889480333723817
0.0006545009094544225,0.0001967852004788747
0.00041651353259408545,0.00034294230879421453
0.0007735202092554049,0.0005541569555896134
0.0008330154236559828,0.0004902253861027888
0.0003570420669191713,0.0008060187105117453
0.0005950219931989079,0.0005346396940455957
0.0008329967972044818,0.00017717061572576436
0.00029755057780889355,0.0009325612340739748
0.0007735090333845043,0.00036632409336339873
0.0005355156029274294,0.0004107384013062056
0.0005950145426183075,0.0004094177858947859
0.00011905329307497167,0.0009286967110488083
0.0007140007804678757,0.00021111732358630622
0.0004165372813197492,0.0007420871410249207
0.0008330349814300588,0.0008189328949986645
0.0007140291858064147,0.0006885258484112685
0.0007734969261910286,0.00016283849261833285
0.000952012371715164,0.00047193141676109816
0.00047602690778487684,0.0005842391404249888
0.00035704672353204653,0.0008842824031060014
0.0006545167419381983,0.0004628817552993455
0.0005355300384273427,0.0006533558483483996
0.0005950084890215697,0.00030767498552225297
0.00035700155438715664,0.00012512458494171714
0.0005355221221854548,0.0005203075709381642
0.0005950015041022568,0.0001902794466308688
6.984919312868695e-09,0.00011739553889138416
0.0004760087469946634,0.00027901073930738994
0.00047604227460736515,0.0008425093259860339
0.000773493666562016,0.00010805390780235357
0.0007735434923197811,0.0009454754185608939
0.0005355114119758417,0.0003403010779713751
5.951430651336643e-05,0.00025694957014962545
0.00017853826292722405,0.0006925850178546202
0.0009520193566344769,0.0005893269556524823
0.0009519867603443501,4.148110749268956e-05
0.0009520435710214281,0.000996298157142614
0.0002379962244248,2.543907613746779e-06
0.0007140105593549137,0.00037547107803424405
0.0009520342577956776,0.0008397707719541019
0.00017849868171778446,2.734363080344332e-05
5.950918423920366e-05,0.00017085950829594373
0.0006545181389220609,0.0004863608630776223
0.0008330456916396719,0.0009989393879654535
0.0005950303751020834,0.0006755143407152567
0.0005950112829892949,0.00035463320107880663
0.00017850426965323476,0.00012126006191655065
0.0001190369949299083,0.0006547737869689119
0.0003570211121612327,0.0004538320938375928
0.0002975366079702678,0.0006977701562912064
0.00029750866829301634,0.0002281880007256698
0.0005355412142982433,0.0008411887105746142
0.00023804605018256514,0.0008399654183722871
0.00047603668667191485,0.0007485928948729266
0.0005355486648788437,0.000966410618725424
0.00047600455604307566,0.00020857341597255944
0.0006545446816154498,0.0009324639108648821
0.00011903280397832059,0.0005843364636340814
0.0004760301674138895,0.000639023725240968
0.000892525073556474,0.0006689112636581581
0.00017853500329821138,0.000637800433038641
0.0009519956079088131,0.00019018212342177617
0.00041653215904558644,0.000655997079171239
0.00041652470846498604,0.0005307751710204292
0.0003570481205159091,0.0009077615108842782
0.00017855083578198721,0.0009038969878591117
0.0005950420166342715,0.000871173572200897
0.0003570495174997717,0.0009312406186625551
0.0002975063399865787,0.00018905615442854173
0.000535508152346829,0.00028551649315539584
0.0009520053867958511,0.000354535877869714
0.00035704113559659623,0.0007903659719928941
0.0008330098357205325,0.00039630895498968146
0.0006545195359059235,0.0005098399708558991
0.00011900812393008178,0.00016953889288452402
3.166496755167142e-08,0.0005321931096409415
3.2130628839196e-08,0.0005400194789003672
0.0002380469815051402,0.0008556181568911384
0.0004165065476747726,0.00022554676990283037
0.00011904211720407108,0.0007408638488225936
0.0007735099647070793,0.00038197683188224995
0.0007734992544974663,0.0002019703389154609
0.0005950005727796818,0.00017462670811201758
0.0008925036531372478,0.00030889827772458004
0.0007140329110967149,0.0007511368024866734
0.0008330373097364964,0.0008580647412957925
0.00035700015740329407,0.0001016454771634403
0.0008330256682043083,0.0006624055098101522
0.0007139942612098503,0.00010154815395434767
0.0003570523114674968,0.0009781988342191087
0.0005950233901827705,0.0005581188018238725
0.0004165312277230114,0.0006403443406523877
0.0007734927352394409,9.240116928350235e-05
0.000535535626362793,0.0007472722794615069
0.00041650049407803477,0.00012380396953029743
0.000535536557685368,0.0007629250179803581
0.0008330359127526339,0.0008345856335175157
0.0007735346447553181,0.0007967744026318073
0.0005354923198630532,1.941993833492507e-05
0.0009520049211345636,0.0003467095086102884
5.9523619739116924e-05,0.00041347695533813767
5.952222275525435e-05,0.00038999784755986084
0.0005950331690698085,0.0007224725562718103
0.0006544962528415472,0.0001185215078846186
0.000832991674930319,9.108055387208264e-05
0.0007140398960160277,0.0008685323413780575
0.0005355183968951546,0.0004576966168627593
0.000833000522494782,0.00023978156980116925
0.0009520067837797137,0.00037801498564799083
0.0005950122143118699,0.00037028593959765785
0.0008330354470913463,0.0008267592642580901
0.0005355034957339538,0.00020725280056113973
0.0002380036750054004,0.00012776581576455655
0.0005355505275239938,0.0009977160957631264
0.0005950108173280073,0.000346806831819381
5.95515594163684e-05,0.0008830591109036743
0.00023801252256986337,0.00027646683169364316
0.0005354979077985035,0.0001133363694480324
0.0007735397670294809,0.000882864464485489
0.0005354955794920659,7.420452315090435e-05
0.00011902488773643267,0.000451288186223846
0.0008329991255109194,0.00021630246202289241
0.0006545367653735619,0.0007994156334546467
4.097819330216301e-08,0.0006887204948294538
0.00011905422439754672,0.0009443494495676595
0.0002975384706154179,0.0007290756333289089
0.00023802556108591406,0.0004956051709575603
1.7695128925934028e-08,0.0002974020318581732
0.0006544999781318474,0.00018113246196002348
0.0005355011674275162,0.00016812095426401168
0.0007734922695781534,8.457480002407674e-05
0.0005950066263764196,0.0002763695084845505
0.0007140035744356008,0.0002580755391428599
0.00017852662139503594,0.00049692578636898
0.00047603435836547723,0.0007094610485757985
0.00023805256944059048,0.0009495345880042457
0.0005354969764759284,9.768363092918118e-05
0.0003570308910482707,0.0006181858482855306
7.450580600393275e-09,0.00012522190815080977
0.0006545335057445492,0.0007446310486386675
0.0003570159898870699,0.0003677420319839111
0.00011905562138140929,0.0009678285573459363
0.0005950001071183943,0.00016680033885259197
0.00029752030982520446,0.00042384723221131006
0.0007140431556450404,0.0009233169261940368
0.0002975082026317288,0.00022036163146624418
0.00011899834504304377,5.185138436586195e-06
0.0003570271657579705,0.0005555748942101257
0.00023804279055355247,0.0007851808335563079
0.0005355207252015922,0.0004968284631598873
5.9545971480918104e-05,0.000789142679790567
0.0004165349530133116,0.0007029552947277926
0.0006545158106156233,0.00044722901678049425
0.0007140235978709644,0.0005946094172981612
0.0007140049714194634,0.0002815546469211367
0.00047600409038178813,0.00020074704671313383
0.0002380018123602503,9.646033872685411e-05
0.00041651725788438565,0.0004055532628696194
0.0006545092913575979,0.0003376598471485357
0.0008925003935082352,0.00025411369290860076
0.00011904956778467147,0.0008660857569734034
0.00017850054436293456,5.864910784114576e-05
5.952408540040445e-05,0.0004213033245975633
0.0008330233398978707,0.0006232736635130242
0.000773514155658667,0.00045241415521708045
0.0003569964321129939,3.903452308803542e-05
5.9515703497229006e-05,0.0002804286779279023
0.0003570066766613194,0.00021121464679539886
0.0002380511724567279,0.0009260554802259689
3.352761270176974e-08,0.000563498586678644
0.0006544971841641223,0.00013417424640346982
0.0006545037034221476,0.00024374341603542837
0.00023804185923097742,0.0007695280950374566
0.0005355291071047676,0.0006377031098295483
0.000773532782110168,0.0007654689255941049
0.0006544892679222344,1.1259689932344337e-06
0.00011902581905900772,0.00046694092474269724
0.0008330401037042216,0.0009050229568523462
0.00023804791282771524,0.0008712708954099896
0.0007735369730617558,0.0008359062489289354
2.2817403088704405e-08,0.00038349209371185493
0.0008330196146075705,0.0005606627094376193
0.0002975380049541304,0.0007212492640694833
0.0005950294437795083,0.0006598616021964055
0.00023804325621484,0.0007930072028157335
0.0009520393800698404,0.0009258608338077836
0.00041655171681966247,0.0009847045880671146
0.0003570248374515329,0.0005164430479129977
0.00065454840690575,0.000995074864940287
0.000535525847475755,0.0005829185250135691
0.0007140333767580024,0.000758963171746099
0.00029755197479275613,0.0009560403418522516
0.00047600641868822575,0.00023987889301026188
0.00017854804181426207,0.0008569387723025581
0.00023801205690857584,0.00026864046243421755
0.0006545432846315872,0.0009089848030866053
0.0004760166632365513,0.0004120590167176253
0.00011902069678484495,0.0003808508628890155
0.00047599710546247526,8.335150782174967e-05
0.00095203192948924,0.0008006389256569738
0.0002975515091314686,0.000948213972592826
0.00011900067334948139,4.431698473371425e-05
0.0007139970551775755,0.00014850636951090133
0.0007735244002069926,0.0006245942789244439
0.0005950313064246584,0.0006911670792341079
0.00041649863143288467,9.249849249259499e-05
0.00011902954434930791,0.0005295518788181021
0.0004165354186745991,0.0007107816639872182
0.0007140222008871018,0.0005711303095198843
0.00035701692120964496,0.0003833947705027623
0.00029752356945421713,0.00047863181702728934
0.000952003524150701,0.00032323040083201155
0.00041654007528747435,0.0007890453565814744
0.0008924929429276348,0.000128891784757791
0.0001785256900724609,0.00048127304785012875
0.0005950434136181341,0.0008946526799791738
0.0004164939748200094,1.4234799898338877e-05
0.00023799948405381268,5.7328492429726055e-05
0.0007139951925324254,0.00011720089247319889
4.423782231483507e-08,0.000743505079645433
0.00017850752928224743,0.00017604464673252993
5.951803180366663e-05,0.00031956052422503034
0.0006545428189702997,0.0009011584338271797
0.0005355458709111185,0.0009194524031688703
0.0007139923985647002,7.024267691664522e-05
0.0008330144923334077,0.0004745726475839376
0.0008330182176237079,0.0005371836016593425
0.0001785238274273108,0.0004499675708124263
0.0001785280183788985,0.0005204048941472568
0.000773541629674631,0.0009141699415231915
0.00035700947062904456,0.0002581728623519525
0.00017851497986284782,0.0003012665548833397
0.000833019148946283,0.0005528363401781937
0.00023804651584385266,0.0008477917876317128
5.9509649900491186e-05,0.00017868587755536934
1.8626451500983188e-08,0.00031305477037702444
0.0002975175158574793,0.0003768890166547564
0.0008925399747176748,0.0009193550799597777
0.00017853267499177376,0.0005986685867415129
0.0002975417302444306,0.0007838602181448882
0.0008330307904784711,0.000748495571663834
0.0009520156313441767,0.0005267160015770774
0.0007735337134327431,0.0007811216641129561
0.0008329977285270569,0.00019282335424461558
0.0005355030300726663,0.00019942643130171412
5.1688402915228346e-08,0.0008687269877962428
0.0005355123432984167,0.00035595381649022634
0.0007140343080805774,0.0007746159102649502
0.0008330140266721202,0.00046674627832451196
0.000654510222680173,0.0003533125856673869
0.0003570350819998584,0.0006886231716203611
0.0009520258758925022,0.0006988961252844409
0.0005950285124569333,0.0006442088636775542
0.0008329986598496319,0.0002084760927634668
0.00011903420096218316,0.0006078155714123582
0.0007735402326907684,0.0008906908337449147
0.0006545381623574245,0.0008228947412329236
0.00041654380057777455,0.0008516563106568792
0.0002380376682793897,0.0006990907717026261
0.00017853640028207395,0.0006612795408169178
0.00035701785253222,0.0003990475090216135
0.0005355048927178164,0.00023073190833941657
5.9520825771391776e-05,0.000366518739781584
9.778887038016174e-09,0.00016435375444793783
0.0007140077653871885,0.0003285128624776904
0.00023803627129552712,0.0006756116639243493
0.000238014850876301,0.0003155986779907712
0.0004165405409487619,0.0007968717258409
0.0007735285911585803,0.0006950316022592744
0.0002975026146962785,0.00012644520035313685
0.000654490664906097,2.4605076771511266e-05
0.00011904351418793365,0.0007643429566008705
0.0008924910802824847,9.758630772008854e-05
5.122274162770377e-09,8.609006185368172e-05
0.0007140273231612646,0.000657220371373566
0.0002380493098115778,0.0008947500031882664
0.0008925166916532985,0.0005280366169884971
0.0009519844320379125,2.3492611955615045e-06
0.0004165442662390621,0.0008594826799163049
0.0005354927855243407,2.7246307594350682e-05
0.0006545204672284985,0.0005254927093747504
0.00035703182237084574,0.0006338385868043818
5.95231540778294e-05,0.00040565058607871206
0.00035703042538698317,0.000610359479026105
0.0001785182394918605,0.000356051139699319
0.0007139896045969751,2.328446136009156e-05
5.9555284706668595e-05,0.0009456700649790792
0.0004165465945454997,0.0008986145262134329
0.0009520030584894135,0.00031540403157258594
0.00041649630312644704,5.336664619546693e-05
0.0001785126515564102,0.00026213470858621165
0.0003570197151773701,0.00043035298605931596
0.000773494597884591,0.0001237066463212048
9.313225750491594e-10,1.5652738518851222e-05
0.00041655125115837494,0.000976878218807689
0.0003570062110000319,0.00020338827753597325
0.00017853314065306128,0.0006064949560009385
0.0004759957084786127,5.9872400043472834e-05
0.0002975016833737035,0.00011079246183428562
0.0004165121356102229,0.0003194632010159377
0.0008329940032367567,0.0001302124001692107
0.0008924938742502098,0.0001445445232766422
0.00011901091789780693,0.0002164971084410777
0.00023804372187612752,0.0008008335720751591
0.00035703927295144613,0.0007590604949551916
0.0008925423030241124,0.0009584869262569057
0.0005950061607151321,0.0002685431392251249
0.0006545232611962237,0.000572450924931304
0.00035703554766114594,0.0006964495408797867
0.0009520063181184262,0.0003701886163885652
0.0008330452259783844,0.000991113018706028
0.0003569945694678438,7.729046050332974e-06
0.00011903187265574554,0.0005686837251152302
0.0009520379830859778,0.0009023817260295068
0.0005949987101345317,0.00014332123107431514
0.0005950401539891214,0.0008398680951631945
0.00035701319591934476,0.0003207838164273574
0.0008925059814436855,0.0003480301240217081
0.00017853034668533613,0.0005595367404443849
5.9526879368129596e-05,0.00046826154015411695
4.982575776513003e-08,0.0008374215107585404
0.0004165046850296225,0.00019424129286512793
0.0007734876129652781,6.3111074298206286e-06
0.0008924952712340724,0.00016802363105491904
0.0007734932009007284,0.00010022753854292796
0.0004165088759812102,0.0002646786161999584
0.0008925236765726114,0.0006454321558798813
0.0005355328323950678,0.0007003140639049532
0.00023803720261810217,0.0006912644024432005
0.0008925045844598229,0.00032455101624343126
0.0009519876916669252,5.713384601154078e-05
4.656612875245797e-08,0.0007826369259425611
0.0004760134036075386,0.00035727443190164605
0.0004760334270429022,0.0006938083100569473
4.190951587721217e-09,7.04373233348305e-05
0.0002975347453251177,0.000666464679253504
0.00035699596645170635,3.1208153828609806e-05
0.0008330261338655959,0.0006702318790695778
0.0005355435426046809,0.0008803205568717423
0.0005950089546828572,0.0003155013547816786
0.0005355491305401312,0.0009742369879848496
0.0007735323164488805,0.0007576425563346793
0.00041653402169073653,0.0006873025562089414
0.0005950275811343582,0.000628556125158703
0.0007140091623710511,0.0003519919702559672
0.00023804465319870256,0.0008164863105940103
0.0007734987888361787,0.0001941439696560353
1.443549991326197e-08,0.00024261744704219394
0.0008330303248171836,0.0007406692024044083
0.00023801019426342575,0.0002373349853965151
0.0004760380836557774,0.0007720720026512034
0.00011902675038158277,0.00048259366326154846
0.00089254463133055,0.0009976187725540338
0.00011903466662347068,0.0006156419406717838
0.0005355202595403047,0.0004890020939004617
0.00017854152255623672,0.0007473696026705995
5.950080233602822e-05,2.9984861626282736e-05
0.00017850566663709733,0.00014473916969482748
0.00041653588433588663,0.0007186080332466439
0.0007735174152876797,0.0005071987400330597
0.00065450137511571,0.00020461156973830032
0.0005950182679086077,0.0004720287399701908
0.000238024629763339,0.00047995243243870904
0.0005355393516530932,0.0008098832335369118
0.0009519909512959379,0.00011191843082752006
0.0008330284621720335,0.0007093637253667059
0.0009520002645216883,0.0002684458160160323
0.0001785219647821607,0.00041866209377472386
0.0005949949848442315,8.071027699891025e-05
0.0006545130166478981,0.0004002708012239406
0.0008330252025430208,0.0006545791405507266
0.0001785052009758098,0.00013691280043540187
0.00023802788939235168,0.0005347370172546883
0.0005950364286988212,0.0007772571410877896
2.1886080513655246e-08,0.0003678393551930037
0.0001190425828653586,0.0007486902180820192
0.000951994676586238,0.00017452938490292494
0.0004760450685750903,0.0008894675415425876
0.00023800972860213822,0.0002295086161370895
0.0007735458206262187,0.000984607264858022
0.0008329893466238814,5.1948707574954586e-05
0.00011901557451068218,0.0002947608010353338
0.0006545353683896993,0.0007759365256763699
0.0007140180099355141,0.0005006929861850538
0.0008924962025566475,0.00018367636957377026
4.144385458968759e-08,0.0006965468640888794
0.0004760315643977521,0.0006625028330192449
0.0003569955007904188,2.3381784569184196e-05
0.0001785503701206997,0.0008960706185996861
2.3283064376228985e-09,3.9131846297128054e-05
0.00029751844718005436,0.0003925417551736076
0.00047602923609131446,0.0006233709867221168
0.0009520426396988531,0.0009806454186237629
0.000951992813941088,0.0001432239078652225
4.0046870727113854e-08,0.0006730677563106025
0.0005355388859918056,0.0008020568642774862
0.00017850380399194723,0.00011343369265712504
0.0002975272947445173,0.0005412427711026942
0.00011903652926862078,0.0006469474177094863
5.953572693259256e-05,0.0006169625560832036
0.0009520384487472654,0.0009102080952889324
0.0004165014254006098,0.00013945670804914865
0.0007140384990321652,0.0008450532335997807
0.0008924864236696094,1.9322615125832434e-05
0.00017853965991108662,0.0007160641256328971
0.0004760152662526887,0.0003885799089393485
0.0008925329897983619,0.0008019595410683935
0.0006545218642123611,0.0005489718171530272
0.0005950271154730707,0.0006207297558992774
5.954364317448048e-05,0.0007500108334934389
0.00041650794465863516,0.0002490258776811072
0.0006544911305673845,3.243144603093688e-05
0.0008925218139274613,0.0006141266788421789
0.0006544920618899595,4.80841845497881e-05
5.951896312624168e-05,0.00033521326274388156
